shop_id,lng,lat,district,local_i,p_value,cluster
l8pkxPCfltPtqfaC,116.229154,40.22962,昌平区,-0.00793444269233002,0.96,NotSig
l1r5hEjU3ox9sJnD,116.456884,39.907086,朝阳区,1.1488047844824103,0.02,HH
GazyRdGHt6xEpzcY,116.409872,39.969401,东城区,0.5979587455947035,0.055,NotSig
Hat7RgQzr7zwvDbJ,116.460797,39.911343,朝阳区,0.700161104672839,0.05,NotSig
G8mVv5xymHvtmPos,116.52163,39.924023,朝阳区,0.4926956821691276,0.115,NotSig
H7D7OtqGlID7k8Wt,116.445099,39.922966,朝阳区,0.42333908441675094,0.15,NotSig
k55CTXmrQdpFgFaf,116.472707,39.909427,朝阳区,-0.5990569792842435,0.065,NotSig
l3St2hh7uuUHubVh,116.452937,39.933128,朝阳区,-0.0005170140973240169,1.0,NotSig
G9DMBb2vMj88GKVI,116.453102,39.916061,朝阳区,0.39611026903462004,0.165,NotSig
G1rzvooK08gdDYYF,116.409872,39.969401,东城区,0.6080991584987864,0.09,NotSig
H3vkvDaQ5ztAr6yX,116.339566,39.991506,海淀区,-0.2940173505424498,0.29,NotSig
H4ARwVEo16r44RON,116.490263,40.001221,朝阳区,-0.0770318015670044,0.66,NotSig
G9hPKXtRriVP7WT5,116.52163,39.924023,朝阳区,0.24519920871417125,0.25,NotSig
k6j1to9YNyvu2Cfv,116.491414,39.899479,朝阳区,-0.824688909877536,0.035,HL
FWFpZpVUZ55SBok7,116.451876,39.917594,朝阳区,0.9726516410349703,0.03,HH
k5DXufIfqed8a3hs,116.482051,39.911138,朝阳区,-0.10474988080610166,0.62,NotSig
H5l2lR3tTA957mp1,116.658788,39.917713,通州区,0.1977705356438032,0.44,NotSig
k2HtsMhTCfbzMZjr,116.478129,39.89427,朝阳区,-0.14467225432308387,0.51,NotSig
G2Dn6BZ2D2fmWfxg,116.339725,39.791625,大兴区,-0.0418896234744963,0.77,NotSig
k4d5PIe8n4lSJg0Z,116.409872,39.969401,东城区,0.5534313088158561,0.095,NotSig
F68D5X74NOoNE76p,116.313926,40.107438,昌平区,0.06440551467320135,0.68,NotSig
k21cC98m2QnutplF,116.276441,39.910625,海淀区,-0.2940081565513191,0.295,NotSig
l1sMCyYQoLc0tl5n,116.452937,39.933128,朝阳区,-0.00041683165170470067,0.995,NotSig
kaiDzhcGlRNlLHKk,116.27648,39.912173,海淀区,-0.17266691011823335,0.51,NotSig
H7WN6kHkkgWj9v33,116.491414,39.899479,朝阳区,0.36790958675935775,0.17,NotSig
G3LDd5VypdWeF7TA,116.409872,39.969401,东城区,0.4090500506881853,0.175,NotSig
k5I4bvhlKB8vRfmV,116.320791,39.684834,大兴区,0.03555593875645997,0.805,NotSig
l505nlVX6dxZ2UI6,116.069316,39.651298,房山区,0.673037409717682,0.07,NotSig
H5jMFmXIVrThEgCA,116.407034,39.995784,朝阳区,0.46392827445321005,0.15,NotSig
l6uK9BeMEkF2gzIJ,116.409872,39.969401,东城区,-0.06936942856969239,0.69,NotSig
k2nxuQaSLI0g6Jyz,116.374545,39.911608,西城区,-1.3083992756539642,0.025,HL
H6TjKw9duFE83Mlb,116.314805,39.979257,海淀区,-0.5563232454430017,0.095,NotSig
G5ILCZDKVh86FO68,116.371785,39.888665,西城区,-0.2776561304020863,0.32,NotSig
H2KGW4ziZgX53IM4,116.312655,39.983123,海淀区,-0.3813706784307516,0.175,NotSig
l4VtRYb0uqXzvy9Z,116.419054,39.896804,东城区,-0.038017189688678565,0.815,NotSig
l9Si4ZJW4nJu1jgr,116.409872,39.969401,东城区,0.7162911688224142,0.065,NotSig
k7ombEX594NQiQui,116.35493,39.860636,丰台区,-0.05502240266455474,0.735,NotSig
k9hhpXpJvsf4ZUO5,116.452937,39.933128,朝阳区,-0.0005030516787277563,0.995,NotSig
kaVRNodAKS0mTBMm,116.456435,39.93264,朝阳区,-0.013790620868470148,0.875,NotSig
l6ti0KJ4s6moxkjt,116.477132,39.894205,朝阳区,0.172329798021138,0.425,NotSig
G36OH4wsyoaE1jFD,116.446744,39.971322,朝阳区,0.5402493037375433,0.14,NotSig
k67LqLpolxPFd7n1,116.225559,39.905822,石景山区,0.13617081326501274,0.51,NotSig
H7APipQo0okihrRi,116.432852,40.04661,朝阳区,0.1073786137450398,0.6,NotSig
l7CbHQ57YjcAA5cm,116.409872,39.969401,东城区,-0.40004310033090806,0.195,NotSig
jS3n2eKvk0uMxvFF,116.307857,39.909334,海淀区,-0.01943928500961479,0.83,NotSig
G2nB5wXkb6eLSMaR,116.318605,39.687661,大兴区,0.03504986209939044,0.865,NotSig
H6rNa4uT7JynwHFF,116.303043,39.9083,海淀区,0.11596927960118344,0.51,NotSig
k8UnDKHHwkNPhx7U,116.438772,40.042799,朝阳区,0.2470625099069182,0.35,NotSig
H85WzFMnXLD3T509,116.353103,39.736389,大兴区,-0.0691445532987359,0.675,NotSig
k4YAN4Rpi04hXFoS,116.371785,39.888665,西城区,-0.2060437517979405,0.34,NotSig
G9AumG16j55nDlAh,116.452937,39.933128,朝阳区,-0.0005302725218603048,0.995,NotSig
G8W4qNj0yZeJo2lJ,116.452937,39.933128,朝阳区,-0.0005307630689941179,0.99,NotSig
G3C40Vx1zjXjliAL,116.306167,39.867867,丰台区,-0.026236595424792022,0.835,NotSig
k3D9rIugyjzY67FQ,116.183515,39.925269,石景山区,-0.17859619665549525,0.425,NotSig
Ga4zdaSdvdOaeSHn,116.379398,39.834848,丰台区,0.027717421783885293,0.835,NotSig
jYapGxE92eaYfF1c,116.526842,39.858845,朝阳区,0.10512005230046184,0.61,NotSig
G8fyvuyZTXgtfdwv,116.323439,39.890648,丰台区,0.3189525833688898,0.245,NotSig
k2BH4ZrvhmlWySKM,116.409872,39.969401,东城区,0.6231994737677261,0.105,NotSig
G5Ym5oeit9LfzJ6k,116.696463,39.870789,通州区,0.25246910145118084,0.34,NotSig
k61ZaZrJrGDqTq64,116.463268,39.921691,朝阳区,0.561023691061105,0.095,NotSig
G7Mjpx0MNPbUQD3Q,116.314411,39.983475,海淀区,-0.1377742165832282,0.475,NotSig
l3FsJs1IqZMr8LfU,115.983507,39.702233,房山区,-0.43656657204306715,0.165,NotSig
G70FGilv3Qh3Bo3Q,116.331851,39.884419,西城区,-0.2889592366262921,0.25,NotSig
Ha94LJ8LRVw5NcGe,116.172828,39.922894,石景山区,-0.18568096250245855,0.44,NotSig
G7Qko0AZVXRV72SC,116.849453,40.370453,密云区,0.405388818492073,0.145,NotSig
l5xMcDRa6J641Qlj,116.409872,39.969401,东城区,0.2149654629189424,0.4,NotSig
l9HEBD047LsumDvZ,116.339725,39.791625,大兴区,-0.008815585856634955,0.98,NotSig
H3UeKwTYNpZX0IOT,116.61216,39.924342,朝阳区,0.21415009787571668,0.37,NotSig
G61PxtYssh5edIDy,116.481297,39.986212,朝阳区,-0.030192707108995492,0.82,NotSig
H8GCPi82y5wsW5Jp,116.45107,39.909089,朝阳区,0.29506767127271594,0.26,NotSig
G6wT9ULAx3AwT4GO,116.452937,39.933128,朝阳区,0.0003093947017082856,1.0,NotSig
H7mUwuwKA97IoOrB,116.463809,40.01662,朝阳区,0.01047967494305993,0.935,NotSig
k15ArNOWXtz5gPFX,116.467841,39.993649,朝阳区,0.2156902004246789,0.36,NotSig
G4sbujAbZhkG4Dzx,116.409872,39.969401,东城区,0.5625632971883533,0.085,NotSig
G8hlZjQNN6IG58xa,116.411775,40.063625,昌平区,0.0364021190315725,0.79,NotSig
k1N12ih3CriXU0uj,116.460964,39.898731,朝阳区,0.3896374060407741,0.17,NotSig
l7LF21IxXcS8HJtH,116.331965,39.88444,西城区,-0.24033745735211356,0.315,NotSig
k8szwxQc66MGKzh6,116.409872,39.969401,东城区,0.48662867675650573,0.145,NotSig
l9OYA18Kcf79pDME,117.092567,40.146784,平谷区,0.6570896807580414,0.08,NotSig
G4F9O9tsWDaCuGdz,116.374545,39.911608,西城区,-1.0488813800633126,0.05,NotSig
k9eIbTS0GisX3Xot,116.409872,39.969401,东城区,0.30008862082963206,0.305,NotSig
jKhBbG0i6whuJCuE,116.638611,39.904518,通州区,0.2726131592170475,0.31,NotSig
k6yYdUcOgT4uuHjl,116.30489,39.865945,丰台区,-0.0028613675472675976,0.955,NotSig
l3b4rDb5Y7dKoYVI,116.136427,39.737294,房山区,-0.24844099393556,0.335,NotSig
G9ftwv896pcYDHGI,116.406622,39.991735,朝阳区,0.38661800635094495,0.15,NotSig
H5uMoIMI7V6CthVC,116.460629,39.895483,朝阳区,0.4186541077307878,0.145,NotSig
l4NsAHCTEGGEnYsx,116.167018,39.809165,丰台区,-0.8091212934229135,0.04,HL
HaaroX2xzZkElUX4,116.424682,39.987713,朝阳区,0.14690034429474427,0.49,NotSig
k333O0yV2uuI3hcT,116.409872,39.969401,东城区,0.5601265873177703,0.11,NotSig
l3rgeInWwo6mqBGW,116.416149,40.056057,朝阳区,0.10614676150759073,0.6,NotSig
k6UqAFxnYSB75o6e,116.292849,40.206481,昌平区,-0.025523062304365008,0.865,NotSig
k1gRvKlc3KVEDtz3,116.331965,39.88444,西城区,-0.25965782920492886,0.265,NotSig
H86N3Z28JgLb6Bkq,116.33349,39.927264,海淀区,0.13459027678697116,0.505,NotSig
k6vxVTU8pwGoHuUj,116.598916,39.926676,朝阳区,0.07712256691282529,0.595,NotSig
H8krtSIIrMPp2UId,116.409872,39.969401,东城区,-0.08796564442180636,0.64,NotSig
G6jHNrecTHnhC28H,116.28732,40.147331,昌平区,-0.1755284324572603,0.455,NotSig
l3nrsAGlXYA4YPMN,117.093631,40.14634,平谷区,-0.24527211381945457,0.355,NotSig
k8bCQIjgLiWDEGOB,116.573979,39.802534,通州区,-0.05150761468825464,0.73,NotSig
k3zFdEQmmtSqL69D,116.16074,39.756874,房山区,-0.09988176650916107,0.62,NotSig
l3dN1b7bLTbcoBoR,116.658257,39.923785,通州区,0.2943993958496005,0.26,NotSig
k6yNsrNCSvDeGIOd,116.126879,39.956861,石景山区,-0.1833318988739263,0.39,NotSig
l89q0xuQ2pfjoH4D,116.444276,39.929376,朝阳区,-0.05598446022027564,0.71,NotSig
k8ILwl21yx9bNwdX,116.409872,39.969401,东城区,0.5360573758128392,0.095,NotSig
l9JrSQct1CBpZvBE,116.337996,40.072468,昌平区,0.09620520776212757,0.59,NotSig
l5EGtUPilcB1LEI8,116.337996,40.072468,昌平区,0.10763410408117548,0.59,NotSig
Ga2lxtUWSvxWVefs,116.39397,40.00162,朝阳区,0.3352818373181061,0.29,NotSig
la0ski2SAsMLXZO8,116.387086,39.870196,东城区,-0.03451383697019791,0.795,NotSig
G5wnvuwX0y6aab3s,116.230147,40.090776,海淀区,0.3123083886739859,0.235,NotSig
Gag5qGGmmBVxtuG4,116.411775,40.063625,昌平区,0.01687776121801913,0.88,NotSig
G3Q2xrzpFKyx3VHP,116.664781,39.876223,通州区,0.22547001910002812,0.305,NotSig
k9iMRaU400D6PRKL,116.471712,39.949712,朝阳区,-0.32613700893406633,0.2,NotSig
H3UG8xQUrBoD95bn,116.43616,39.937828,东城区,0.312956563076987,0.23,NotSig
l9InkkyoWkdkjss6,116.301125,39.514975,大兴区,-0.0037593344436114566,0.97,NotSig
l3dZK0ZLdm7hmlEA,116.640277,40.12928,顺义区,0.43504752790557416,0.145,NotSig
Ha17Nd5fNum66Def,116.500361,40.169944,顺义区,-0.12427833670225355,0.53,NotSig
k6yRruFi21y2tIWU,116.278205,39.963703,海淀区,0.008537497331773513,0.935,NotSig
jTErGd6C80YZyHNd,116.167018,39.809165,丰台区,-0.4518855091536894,0.14,NotSig
H6HwLAf6dxOCBNra,116.370767,39.84817,丰台区,-0.702571640453529,0.07,NotSig
k8Uof1fFMLE8c2aw,116.516015,39.941242,朝阳区,0.23839430025387667,0.305,NotSig
H5Pb6NvwLB3SstSl,116.642374,39.90564,通州区,0.34998153154867945,0.21,NotSig
G49Pvr7VlVsENfcc,116.37309,39.913888,西城区,-0.9632116898105846,0.05,NotSig
GaqufpeSWmHi9q9P,116.455925,39.812113,大兴区,0.05320569815433234,0.725,NotSig
H9BgBXIUYxkP6rln,116.478815,39.932248,朝阳区,-0.033894394243312725,0.81,NotSig
EqKiL2Cx6NFBXyRB,116.1348,39.680831,房山区,0.8648205293985669,0.035,LL
G69Nq4zlTse39Jjx,116.651979,40.127645,顺义区,0.10828038721787477,0.56,NotSig
H1cU8iCnRYsQtHf4,116.43616,39.937828,东城区,0.24072491357999617,0.29,NotSig
k34sujBxdSfvUlPi,116.27605,39.912224,海淀区,-0.15055657661483057,0.51,NotSig
l2hX0tONf0I1uNkQ,116.647761,40.126183,顺义区,0.09056555561048171,0.595,NotSig
l7DKWkqZbj3eLPdQ,116.41711,39.928466,东城区,0.2262158297091725,0.33,NotSig
H4uAizprggA9UNmk,116.526842,39.858845,朝阳区,0.3198758805413144,0.23,NotSig
k9ohczrUcxf6xJKx,116.52163,39.924023,朝阳区,0.22023269263423714,0.305,NotSig
H6p2HDKZiTGAzk4H,117.111047,40.140766,平谷区,0.06726214301338296,0.715,NotSig
l2gDTEVd9kO7wMbn,116.409872,39.969401,东城区,0.4744394131137702,0.105,NotSig
FxBwUiiVYRhWQJoY,116.141225,39.744837,房山区,-0.3352345989574477,0.22,NotSig
G4Ebdjo8nQc4pvLC,116.639602,39.892675,通州区,0.2755356733179396,0.355,NotSig
Ha4LzfVW8SFWhMZW,116.294937,39.972946,海淀区,0.06788257364360883,0.635,NotSig
H9VBocCAs8vWqM8f,116.639602,39.892675,通州区,0.30201140414261685,0.28,NotSig
G3ZrQnp9TdloiC7o,116.451194,39.919723,朝阳区,0.33358688032064143,0.245,NotSig
k1EusAEyT5QDtdKa,116.541715,39.752047,通州区,-0.04935716597089666,0.705,NotSig
H7Sm8eszLvrhx9oj,116.265275,39.908825,海淀区,-0.05821366521878737,0.705,NotSig
H8FmKcUf8Tc2JKQ9,116.640277,40.12928,顺义区,0.2403385624421123,0.315,NotSig
k7OWNOdJWNIKRBVi,116.44474,39.965674,朝阳区,0.30038983112417506,0.235,NotSig
G3UumGzoW2DshTHH,116.333986,39.764033,大兴区,-0.006182736121433201,0.975,NotSig
l3mmY8XGsb56zQec,116.652259,40.179084,顺义区,-0.08242852302232444,0.66,NotSig
H4oBMR0B0kqUORQp,116.371272,39.947123,西城区,0.002897032935552594,0.975,NotSig
G4Y23id33I0NUv0J,116.52163,39.924023,朝阳区,0.22153958405248803,0.31,NotSig
l78BJ9OHLvyZ5NfZ,116.331965,39.88444,西城区,-0.17180337171582624,0.39,NotSig
iory85RPVNFnSXpu,116.44474,39.965674,朝阳区,-0.25950499753803047,0.35,NotSig
G29c3AWZjbo9KGF7,116.318959,39.671987,大兴区,0.04076978407910808,0.765,NotSig
idhnJftdD9nHNoHT,116.671511,39.887643,通州区,-0.4872386426740537,0.095,NotSig
G9KZl9ww7VBKKqvH,116.265275,39.908825,海淀区,0.01627125428138431,0.935,NotSig
iPeqfEKARRa3s4Tf,116.371871,40.084074,昌平区,-0.03816200132488102,0.825,NotSig
H5PsfZN1ndBygAvB,116.670037,40.103293,顺义区,0.0011790067271230595,0.985,NotSig
H3Xyh8IUhHfhYZEZ,116.410471,39.914313,东城区,-0.03947235149259306,0.795,NotSig
H9YL1JlboPvOJ4cB,117.186354,40.168526,平谷区,-0.5985968094533851,0.11,NotSig
G5ocEm1Teei1ywVj,116.302196,39.858667,丰台区,0.004588916813012664,0.95,NotSig
laQ1snsdCFCzlHu1,116.371785,39.888665,西城区,0.09640266504724702,0.58,NotSig
H58SSnVM5Y0DFwIW,116.457098,39.914356,朝阳区,0.2730893553430879,0.325,NotSig
G62rSkphriyhPsMa,116.598916,39.926676,朝阳区,0.295948779782696,0.265,NotSig
k1aGjEMVNEKJS0HB,116.432094,39.865678,丰台区,-0.34889237542278156,0.22,NotSig
Zb9IQpLnsOu7dy6t,116.492141,39.752805,大兴区,0.04239608346880952,0.765,NotSig
G9IqsWN8benUT1RF,116.388577,39.963499,朝阳区,-0.03779141785396083,0.78,NotSig
k8ZvqhZAjdRhVO5z,116.596186,39.926212,朝阳区,0.45114482885525653,0.14,NotSig
k6gasD9JdQewaTgU,116.21136,39.753403,房山区,-0.015821040469569725,0.885,NotSig
k6gxFhMTzhPZx4bp,116.14275,39.732458,房山区,-0.22188753376515222,0.37,NotSig
k7VZDLJ45KyODbdu,116.35439,39.918147,西城区,-0.6132967655645808,0.1,NotSig
lavZclJhqAjaNaiS,116.438049,39.924786,朝阳区,0.6394196244847554,0.07,NotSig
l5ocH0cu2DtcfYzh,116.364951,39.814115,丰台区,-0.0038655579689571297,0.99,NotSig
l6jB1Oe8mBhJJH3I,116.430701,39.904396,东城区,0.046334245122584064,0.765,NotSig
l1K37CygO2etNBQD,116.162611,39.922623,石景山区,-0.09922957458276382,0.615,NotSig
l3EDm8GHYKYNsSf4,116.339566,39.991506,海淀区,-0.3619487066402094,0.21,NotSig
l39Evr1dpP0eyvyJ,116.492312,39.916153,朝阳区,0.15421111098437104,0.47,NotSig
laHALTodm5hQepP8,116.638307,40.099572,顺义区,-0.029931908548189206,0.795,NotSig
io9YKYL4RhDKl9Af,116.219301,39.90675,石景山区,0.15549698340923856,0.525,NotSig
G2kCbxibLs5uAyDX,116.234133,40.210693,昌平区,-0.03369269066490979,0.815,NotSig
k6WJRI1A7jZuETH0,116.403693,40.005383,朝阳区,0.4006217264012932,0.145,NotSig
H9F99soe0cj7wsFm,115.987727,39.693051,房山区,-0.31510450928404066,0.22,NotSig
l2YwiJ3hRkDr1AWz,116.32436,39.964471,海淀区,-0.7392252365756938,0.07,NotSig
l6LZvDj4DT08DXuR,116.355575,40.037466,海淀区,-0.1869520384158861,0.37,NotSig
l2SvZOq522zr1JVh,116.526842,39.858845,朝阳区,0.12767575614700435,0.46,NotSig
Fekg1FzJgUpXIcEa,116.372123,40.009992,朝阳区,0.14901078531960346,0.46,NotSig
G8f5WrhoxZ2HVIMI,116.35439,39.918147,西城区,-1.3056003082782286,0.02,HL
G4QNmK1WkRsfhsgn,116.481297,39.986212,朝阳区,-0.023937101734704,0.86,NotSig
l8aa3RTepLITOYD6,116.448836,39.964038,朝阳区,0.4742830683627056,0.15,NotSig
k5prL4zTpiAzgpn2,116.382469,39.906116,西城区,1.422812439607544,0.01,LL
G8AImcC6elveJAQ3,116.28732,40.147331,昌平区,0.1950111546538547,0.355,NotSig
laV6EZP4UbsYyj65,116.452937,39.933128,朝阳区,-7.810672646444123e-05,1.0,NotSig
la3cpDTrD7X9n4CT,116.313926,40.107438,昌平区,0.1188462328080123,0.55,NotSig
H7jUlyzQeD2kTJOp,116.193843,40.071716,海淀区,0.06098584274536752,0.68,NotSig
l3U48sFelY3XsdUh,116.432319,39.866091,丰台区,-0.2300165761442985,0.335,NotSig
G8MwShmDaueK5Ife,116.42717,39.941331,东城区,0.4273439849714291,0.155,NotSig
GaMEr59IYpOyBclP,116.409872,39.969401,东城区,-0.14607697405996078,0.47,NotSig
Ga4vAUlpSIchhJSO,116.435563,40.073158,昌平区,0.09692658194731447,0.61,NotSig
H5Gtj8PKmDlutHRm,116.670037,40.103293,顺义区,0.00998398908088762,0.93,NotSig
l3oIU63y0z6nOA2o,116.455925,39.812113,大兴区,0.03877881930641727,0.79,NotSig
l2zPEF8romMI0GHM,116.339177,39.73109,大兴区,-0.020284078959074532,0.86,NotSig
k9zZfkZXLp6LiBZk,116.476838,39.864448,朝阳区,0.332981543194318,0.175,NotSig
H7U192GPcuMx3lLY,116.409872,39.969401,东城区,0.3163131202120363,0.335,NotSig
G2jcLbkFHfdZoicA,116.305309,39.883202,丰台区,0.0633321680374102,0.65,NotSig
l7rlbR4K15fpkmqf,116.230787,40.224072,昌平区,-0.023120702321082952,0.84,NotSig
k4jFsPazNwkPxjd7,116.565268,39.797995,通州区,-0.07906781716463973,0.655,NotSig
k4SwKzkmDAQgO1nP,116.409872,39.969401,东城区,-0.07848635866541279,0.715,NotSig
l5VsfhwyzYloMuhF,116.330943,40.057063,昌平区,-0.4230581180267229,0.185,NotSig
HaDN4MFnT6Of4V8R,116.409872,39.969401,东城区,0.31896185279457445,0.26,NotSig
G2cQefOyfIyhpKQb,116.409872,39.969401,东城区,0.3407631871533244,0.22,NotSig
k1Rca7iIMg74zN1M,116.543128,39.752584,通州区,-0.002808209091386988,0.99,NotSig
k845ElDFLq8iDVJc,116.575222,39.923472,朝阳区,0.3024846192874991,0.24,NotSig
G3robNTiwM6YFwYP,116.331851,39.884419,西城区,-0.3620200912829752,0.17,NotSig
k7pyC8OjkH8Edqx2,116.332092,39.764387,大兴区,0.07251496856416645,0.695,NotSig
l7OrSh16OJ2OZl9f,116.345375,39.960576,海淀区,-0.42228743337011493,0.13,NotSig
G4iKhCuOpAgsWRwg,117.121338,40.160036,平谷区,-0.035783842144146934,0.81,NotSig
l3FIIlpJYpekRuZc,116.311744,40.028246,海淀区,-0.1300811651171381,0.48,NotSig
l56MtQoDz2NLq1kY,116.540461,40.088145,顺义区,-0.23410501000353406,0.34,NotSig
k2ZXpmkIgTSetZAH,116.324611,39.934159,海淀区,-0.06566140789037005,0.685,NotSig
l3KSBbSCajk7iu6p,116.371272,39.947123,西城区,-0.021929558041403053,0.875,NotSig
l9Rf1tHmdKylOtrN,116.541715,39.752047,通州区,0.02145155819159998,0.88,NotSig
l8UUuoMnYZIlXR5k,116.463809,40.01662,朝阳区,-0.04029766206122742,0.785,NotSig
H39d8pv0okLcwPGA,116.696463,39.870789,通州区,0.07016974373046264,0.71,NotSig
l3HsMVwUAN2X8JNU,116.318921,40.077012,昌平区,0.18424112783674165,0.42,NotSig
H8MZZh8JqVLNkjRl,116.541715,39.752047,通州区,0.04027989927408862,0.72,NotSig
G5ZGy4nMqeU8QsSI,116.462152,39.884024,朝阳区,0.4510019593126975,0.1,NotSig
l2r5RiBA8El8o1cW,116.346713,39.763762,大兴区,0.012378819093640824,0.955,NotSig
G8Ui3xpaeVEUWrOU,116.233125,39.888375,丰台区,-0.035252845230627786,0.8,NotSig
k5qK0Sgy7loicTaW,116.644574,39.906448,通州区,0.2241624031751198,0.375,NotSig
l35zxq9j3P0HQjbl,116.313926,40.107438,昌平区,0.05295148011160472,0.725,NotSig
l8tjFiD1y9APJXzJ,116.199655,39.90865,石景山区,0.10773713267267532,0.565,NotSig
H2Q9FOa6qHBx2wJE,116.438772,40.042799,朝阳区,-0.15274706076997033,0.55,NotSig
k3tZ2sC4a6BWHLsM,116.573979,39.802534,通州区,-0.08078410762619906,0.65,NotSig
G4TwagCEy7EBHlhU,116.366335,39.854256,丰台区,-0.35123580134205595,0.24,NotSig
l2k6b3WGm4WTjIxC,116.309117,39.963808,海淀区,-0.1938665850433897,0.37,NotSig
k8aY1WPMW9INenug,116.429001,40.079149,昌平区,-0.02652934687487659,0.84,NotSig
G39GJwH2RgDJXMna,116.293007,40.098309,昌平区,0.063335547292027,0.655,NotSig
k47FEoGIWzXdnEA6,116.516015,39.941242,朝阳区,-0.2457160770037965,0.33,NotSig
H276P7y9GoVLj5oA,116.694603,39.870724,通州区,0.12459515448726254,0.52,NotSig
EroTejpxxq6DhRj1,116.314805,39.979257,海淀区,0.15573866387022536,0.52,NotSig
l5q1RBTJhSSiX8gl,116.301125,39.514975,大兴区,-0.006060958778687895,0.955,NotSig
l7rKc4uYLvZ28FI5,116.123586,39.905055,门头沟区,-0.4287005063184251,0.15,NotSig
k4qJse26L496zv0X,116.456374,39.994681,朝阳区,-0.13487859697910806,0.485,NotSig
G9zbAItUe9gaCayc,116.372123,40.009992,朝阳区,0.8628926861562354,0.035,HH
EPsi0ghegvv6WwtN,116.657227,39.889319,通州区,0.22941179708188608,0.33,NotSig
G1cSVlSNjKRzwGwG,116.503917,39.799336,大兴区,0.1564004301326494,0.44,NotSig
GazTtDipLJoU6Hza,116.517834,39.784585,大兴区,0.021048019822634673,0.875,NotSig
G7bvsUbvUqKDeuJT,116.364934,39.809849,丰台区,-0.0702243575439462,0.665,NotSig
G689b4jtvYvbTu3V,116.265451,39.888395,丰台区,-0.10051883752297024,0.61,NotSig
H773LpEZwqi8LXtF,116.411775,40.063625,昌平区,-0.11435022981929442,0.535,NotSig
jnZIEZb9U43FFzZa,116.501401,39.804712,大兴区,0.007558350228577389,0.905,NotSig
F9sg6Y29lYkEGTFA,116.281133,39.897505,海淀区,-0.2704408995068653,0.28,NotSig
k4ziCV4meN90He23,116.130051,39.816472,丰台区,-0.36973938648582727,0.185,NotSig
Ga6mZjnfYl72h70E,116.490418,39.984974,朝阳区,-0.04563196202310402,0.77,NotSig
G8DWwEuhEhhvci8m,116.43616,39.937828,东城区,0.18161440324715508,0.4,NotSig
H8Gim5DNU61lU3fE,116.496022,39.916014,朝阳区,-0.0776822964334569,0.655,NotSig
G3vBEH7Ok7HSSCWV,116.250913,40.22162,昌平区,-0.06637148012538813,0.715,NotSig
k8la0UrCOkD5uZar,116.409872,39.969401,东城区,-0.3284589618671332,0.235,NotSig
G8C345uJAqmltHcK,116.239469,39.904182,石景山区,-0.13291557689073924,0.52,NotSig
k2AVTwLzP96Lnn2y,116.410471,39.914313,东城区,-0.06722294940541561,0.67,NotSig
G9Y7iCHC0th66DeZ,116.345375,39.960576,海淀区,-0.659306362660527,0.07,NotSig
G25ohDfxZz8F9can,116.652259,40.179084,顺义区,0.07497901337486518,0.67,NotSig
k3amrEqD1mAN4Z92,116.436567,39.866249,丰台区,-0.008313121244526848,0.94,NotSig
k7KSwjIoPwc6ou3h,116.496022,39.916014,朝阳区,-0.5043964977145292,0.12,NotSig
H1XO8UunIONA9tuH,116.312525,39.828275,丰台区,0.0219079631058021,0.87,NotSig
k9AM7dZHZ9BcEHhW,116.409872,39.969401,东城区,0.1331626342796229,0.56,NotSig
k5tm26EdZOvkOwgn,116.311686,40.027716,海淀区,-0.2620758573566842,0.32,NotSig
HaTiUlsqEWAGkStE,116.407034,39.995784,朝阳区,-0.052075228502400955,0.705,NotSig
iTigC7bvCAOWXxrQ,116.388577,39.963499,朝阳区,0.13681380389098258,0.45,NotSig
k1fFfpOlNvJEDMEN,116.184978,39.734157,房山区,-0.0622631620155288,0.725,NotSig
FRHN4UozYb384iEo,116.158052,39.75812,房山区,0.051314864100462536,0.73,NotSig
FpSK3WPyBn2jra8G,116.322825,39.897475,海淀区,-0.03942510637636222,0.745,NotSig
G5k5XSovzzwqExK4,116.314805,39.979257,海淀区,0.20454548335915204,0.39,NotSig
l7ftlQatShZbfg66,116.322825,39.897475,海淀区,-0.14665082455200026,0.48,NotSig
je1q4xkUfGUGPdHz,116.345375,39.960576,海淀区,-0.031349195085433594,0.79,NotSig
k34TRGBd5iRQMz22,116.597989,39.911312,朝阳区,-0.4342431704444371,0.165,NotSig
l5cv4ulpzLyzT9bl,116.351458,40.000328,海淀区,-0.31368184665649157,0.28,NotSig
H4qjmTN0VzYLIxbS,116.674263,39.928545,通州区,0.0420421280387009,0.805,NotSig
ka9HBRsZhcXK5qWR,116.099166,39.943123,门头沟区,-0.03432904518524645,0.785,NotSig
k3nv58fbdFTPXQJq,116.282249,39.869764,丰台区,0.01854246637258758,0.91,NotSig
H88fPAxrbjUEXwCP,116.497781,39.79105,大兴区,0.15467966906695887,0.395,NotSig
H5Z1ee8Gc73xeVd2,116.355575,40.037466,海淀区,-0.14797207270218918,0.445,NotSig
k2uUvtQ951ked7NQ,116.230787,40.224072,昌平区,0.011122542723885406,0.92,NotSig
k4ck95VlRA4lko12,116.446744,39.971322,朝阳区,0.06849660789533266,0.645,NotSig
H4QtELiF5D2w0nRv,116.45107,39.909089,朝阳区,0.335695968742661,0.19,NotSig
G92B626fG5wEuuvW,116.430701,39.904396,东城区,0.3179842704585162,0.26,NotSig
l7wwptdq2QOl2I2r,116.199655,39.90865,石景山区,-0.2267799003375588,0.36,NotSig
H80TzLZrrLf81SbY,116.309539,39.934921,海淀区,0.05185927254972407,0.735,NotSig
G14GMMRkKRkDLIVx,116.339725,39.791625,大兴区,-0.029536689356011947,0.83,NotSig
jCcMhzSrd6ktboTI,116.42717,39.941331,东城区,0.4359136936445112,0.155,NotSig
H8CCPLbNq9A889Ji,116.503583,39.964807,朝阳区,0.24535754457326941,0.33,NotSig
k8dLt7waGmbMcRys,116.346713,39.763762,大兴区,0.013743214189967925,0.9,NotSig
laDQQObjL2HTGRBq,116.638611,39.904518,通州区,0.3089700481795768,0.29,NotSig
H4LBWIQLWxPP5zP4,116.346713,39.763762,大兴区,-0.008014948041265901,0.955,NotSig
l79PoZQhVYrsrYaw,116.464966,40.020371,朝阳区,-0.010815868426451072,0.915,NotSig
H3oDRIIoZXB3Unac,116.289002,39.753016,大兴区,0.8697839951877572,0.02,LL
l54SmeodWkyRQ8Uj,116.307857,39.909334,海淀区,0.010257604533381462,0.9,NotSig
G81lSPqtwZ12MzFt,116.332091,39.730461,大兴区,-0.0005420078651401138,1.0,NotSig
FlVnq3SyC13I0UZs,116.292849,40.206481,昌平区,-0.009771757717216365,0.915,NotSig
k8ld8SY2BNNRffiV,116.367685,39.980238,海淀区,0.054124420582408315,0.71,NotSig
k8XspzTQic5qvYbQ,116.383054,40.101503,昌平区,-0.17051607141989353,0.42,NotSig
l3HsnmCus0PDDjvA,115.991267,39.711847,房山区,0.9564336942492297,0.045,LL
H9VD0LHTkh4GYLjc,116.343425,39.731325,大兴区,-0.010016408599310443,0.94,NotSig
G7nJTF2CTGUGYGGo,116.167018,39.809165,丰台区,-0.339605828021654,0.185,NotSig
G73K0DPlmT6QqTH2,116.655177,40.202628,顺义区,-0.06981646389050931,0.715,NotSig
H58iW0ji3HUeKFpG,116.322825,39.897475,海淀区,0.06938415491735886,0.6,NotSig
H38DVHNqG1YjBfnN,116.469725,39.929125,朝阳区,-0.03902516523692452,0.81,NotSig
k4Sj6sHlri70NlZ6,116.281616,40.14698,昌平区,0.27317899308682186,0.31,NotSig
iz9qMzZYnoJ5BQ5d,116.503583,39.964807,朝阳区,0.3541322477604096,0.205,NotSig
G7liEr3MIf5vEDZe,116.8461,40.374726,密云区,-0.164259747053776,0.365,NotSig
kaNjii2t0pZganyj,116.346713,39.763762,大兴区,-0.035744755083374255,0.78,NotSig
l5QR039vXurWGO5u,116.317555,39.753522,大兴区,-0.06160932564152797,0.735,NotSig
hRkeit3A7tf4WtiT,116.30656,39.977386,海淀区,0.11077283137022156,0.58,NotSig
k7lZf0qdiSyTNCdt,116.129875,39.816575,丰台区,0.6200139979455763,0.07,NotSig
GaHwQzusAyZTJV9v,116.63945,39.921255,通州区,-0.09391129828655824,0.64,NotSig
k99k6NYb6BjttZvO,116.293909,39.872203,丰台区,-0.16430721109263013,0.41,NotSig
G1Cnw5HqK5Y4DSpY,116.239898,39.895459,石景山区,-0.31870294757792433,0.255,NotSig
k93B9y6E9qVXLbyb,116.388577,39.963499,朝阳区,-0.22961347005735028,0.355,NotSig
H7X5S3FYSy3jgM5Y,116.444165,39.929992,朝阳区,0.05268819679187421,0.695,NotSig
jZwctmRdGKJl3VI4,116.323954,39.787369,大兴区,0.12212897617154564,0.51,NotSig
k5001S59cjdieNlB,116.641826,40.165219,顺义区,0.16921458549712926,0.445,NotSig
k7fvA3Z3oi3pwRof,116.374545,39.911608,西城区,-1.4509153444447138,0.01,HL
k3hG8hKBhHZQyUyn,116.45107,39.909089,朝阳区,0.23951312386432272,0.315,NotSig
jMAuThWnze7r1esy,116.343156,40.088357,昌平区,0.061734947504551954,0.675,NotSig
k18Vn7IJsXhWrdiX,116.336982,39.984905,海淀区,0.9292514859118968,0.07,NotSig
H2KmFzeeB8yvJ8cb,116.409872,39.969401,东城区,-0.3884051515775817,0.17,NotSig
k8ONSqeWSVxSyMeh,116.356567,39.772276,大兴区,0.06999805955823157,0.59,NotSig
k7zarfxlnnPmeKU4,116.29337,39.87371,丰台区,0.014550652494600592,0.9,NotSig
l6GhCkekraeNbzJd,116.38708,39.842751,丰台区,0.27204312014173204,0.245,NotSig
Ha5CiF9JruhtMzJV,116.499899,40.16998,顺义区,0.45710554341337045,0.15,NotSig
G9eJIhaOOtDEMaOM,116.411094,39.842424,丰台区,0.454892209385045,0.165,NotSig
G4E3V8UQK4gmx2W3,116.29337,39.87371,丰台区,0.12670073466385148,0.515,NotSig
Ff3FZp1F3jLg7Fbe,116.698815,40.133453,顺义区,-0.14235769454139546,0.43,NotSig
l5hpF88I1BpV9uBG,116.429001,40.079149,昌平区,-0.011384732341976777,0.925,NotSig
k6aEaFGlOqhi89aj,116.724576,40.195378,顺义区,-0.667945444816333,0.08,NotSig
H8I10udeMneiyxFZ,116.331851,39.884419,西城区,0.9368391320644646,0.05,NotSig
k93IK55lgYBIgCHh,116.322825,39.897475,海淀区,0.19719868314254846,0.315,NotSig
k6O7x8UBEVqgUefk,116.38708,39.842751,丰台区,0.7309382716467356,0.085,NotSig
Ga5ES208ZYH1soDC,116.41711,39.928466,东城区,0.21887663813556907,0.36,NotSig
H77gUOmL5YCDQI40,116.167018,39.809165,丰台区,0.382400337772453,0.155,NotSig
kaS4h3BGvDKexcfX,116.171132,40.183181,昌平区,0.11062135059561129,0.525,NotSig
G8mK2JUkEwOl95Xu,116.660456,40.099574,顺义区,0.03872787225255838,0.785,NotSig
H4bpIaNiD3m5tWC9,116.37309,39.913888,西城区,2.0463891776284773,0.005,LL
G8E97T5NKRhEYIkV,116.293007,40.098309,昌平区,-0.031307141918710424,0.81,NotSig
l8jtlP9oxJilO5Xr,116.38708,39.842751,丰台区,0.46692631181724964,0.125,NotSig
kasgV13BONbfDnQc,116.640277,40.12928,顺义区,-0.7382622669131061,0.035,LH
l3TElAh4xCTR7Dn2,116.472707,39.909427,朝阳区,0.6977966785760936,0.1,NotSig
k66BmlH1NQCD3tz2,116.178284,39.915002,石景山区,-0.11593905889185054,0.525,NotSig
G581mLeVZbQ8qrmX,116.432094,39.865678,丰台区,-0.007499039993158448,0.935,NotSig
l2W4B74RceCiWU4Z,116.323087,40.076655,昌平区,-0.015540052183863055,0.895,NotSig
H3RV4lS3L2R4bY4J,116.508786,39.795709,大兴区,-1.1240845899879257,0.02,LH
H3tfg5N2Iz2tezKU,116.322825,39.897475,海淀区,-0.0039013618751792467,0.94,NotSig
k7M7EUzxeqXRmqFQ,116.324908,39.948622,海淀区,-0.020023387832196586,0.885,NotSig
HawK5NGWGO5YnX8K,116.167018,39.809165,丰台区,0.8093262187208313,0.04,LL
layTaB9eM6zKEhKA,116.403693,40.005383,朝阳区,0.3811510052951427,0.22,NotSig
l9CTVxbVycoJLB37,117.121338,40.160036,平谷区,1.4638187439441086,0.02,LL
H4ih81CeNyN4CUN6,116.467937,39.88395,朝阳区,-0.2618609513318485,0.32,NotSig
Ha7nNdMRf96gpTUu,116.590493,39.842218,朝阳区,-0.07361086585407413,0.69,NotSig
G1qdkukhpRgDsxt7,116.451088,39.802263,大兴区,-0.4017685002657689,0.16,NotSig
G2IJ339Mx8tnRsOe,116.218464,39.904592,石景山区,0.036879949125578966,0.805,NotSig
k40jaay12GdCbF9u,116.371785,39.888665,西城区,0.20496322834489097,0.36,NotSig
k60MFQ94QEz7Wphx,116.303043,39.9083,海淀区,-0.18978315956775843,0.425,NotSig
G4rbTq5cHCf877nN,116.336982,39.984905,海淀区,1.1684818302473323,0.03,LL
G8cvZwaweuylDn2b,116.38708,39.842751,丰台区,-0.11941077852097513,0.54,NotSig
H2edFpSUEwNtHnvQ,116.817488,40.370796,密云区,-0.01607334413061899,0.9,NotSig
l1LM6Ih4yIwc39qv,116.500361,40.169944,顺义区,1.2873220621181292,0.025,LL
H3S77XoWUXxx4Yq5,116.33349,39.927264,海淀区,-0.3281147395861454,0.245,NotSig
H9X8qcAB4swuITIa,116.456884,39.907086,朝阳区,-0.32312652855785856,0.25,NotSig
HaeGqOoNx3Uy6gIg,116.529169,40.391994,怀柔区,0.30334550936390353,0.265,NotSig
k442FNqYlmHuVp1Z,116.642857,39.915485,通州区,-0.651714259963733,0.07,NotSig
l5cqzeg1EriFaDxx,116.1348,39.680831,房山区,0.5296833922062401,0.125,NotSig
G92uiLjLaJ8gUDij,116.37309,39.913888,西城区,2.0463891776284773,0.005,LL
G2dV07oawPwfHMQa,116.868411,40.376998,密云区,1.0714898036491298,0.01,LL
l2U0YrhdGsl6VDFH,116.335984,40.030149,海淀区,-0.9328115866893182,0.035,LH
k7cGaCbqUCDKHaKp,116.367594,39.969484,海淀区,-0.055544869775490335,0.715,NotSig
H6HOaaXdzvqr7AhO,116.43616,39.937828,东城区,0.26451042623341975,0.235,NotSig
H4ZIWt3xGi7HHKOv,116.336982,39.984905,海淀区,0.646323724326886,0.08,NotSig
H2Hr0DmXUnmIU8VF,116.467841,39.993649,朝阳区,-0.4031329263961751,0.165,NotSig
k1gtSdLPrZRzP71s,116.43616,39.937828,东城区,0.15581600275656557,0.415,NotSig
l9AyhcHzSoFXxG9J,116.526842,39.858845,朝阳区,0.28565884696615906,0.3,NotSig
k7YJA1DMPZSR5zwI,117.132643,40.153343,平谷区,0.9144566447787912,0.065,NotSig
G74bl1HvKDh1O6uW,116.336375,39.819775,丰台区,-0.0005751651877691224,0.99,NotSig
k7v3VYF5hauDN8Uw,116.448836,39.964038,朝阳区,-0.0850815715837574,0.69,NotSig
H9puU7TPRhJPoJOl,116.456435,39.93264,朝阳区,0.04805947956669607,0.72,NotSig
H2P6x5Ennm1hmDo7,116.113196,39.935295,门头沟区,-0.2860986259297477,0.26,NotSig
jncCjyqrVQPAk0wx,116.414624,40.117071,昌平区,0.09104182270024676,0.59,NotSig
l4f4Y2dQFhwLI4pw,116.658257,39.923785,通州区,0.2182289995198528,0.335,NotSig
l2KQJJInltB0Vgg3,116.332091,39.730461,大兴区,0.001960665451350046,0.975,NotSig
H8eMvfGDsF2fLSrN,115.97726,40.462031,延庆区,0.0012287257689336884,0.985,NotSig
l5LgWsVpuKTy5YIQ,116.111409,39.91063,门头沟区,0.6271926973101181,0.065,NotSig
Gav8FwtPkNGe0HfF,116.111409,39.91063,门头沟区,-0.05302403003561034,0.765,NotSig
l3fzcErKydnIIMQ7,116.293802,39.779611,大兴区,0.37561620375980903,0.14,NotSig
H5JCwIKKu523qb8s,116.332551,40.078729,昌平区,0.09520031503059766,0.585,NotSig
ka2tzc5n2XATXKPl,116.340885,39.913781,西城区,-0.0541949525046201,0.73,NotSig
kamJ555DYLdOk8Gr,116.265275,39.908825,海淀区,-0.7615788205039079,0.035,LH
H5I1iCcBOOPkPAyC,116.477132,39.894205,朝阳区,-0.0554967699121103,0.755,NotSig
k17LZswniq0mevup,116.428753,39.838319,丰台区,0.11610304496500512,0.56,NotSig
k1sRsOg00iyNHAMT,116.482051,39.911138,朝阳区,1.0215895132354045,0.03,LL
G6eT8h31jylPaYWS,116.388577,39.963499,朝阳区,0.5162888884949104,0.135,NotSig
G4jCgaQVgjag7dYg,116.467841,39.993649,朝阳区,-0.45795192695072995,0.11,NotSig
G9dIdn0fbc9RIN0M,116.374545,39.911608,西城区,0.07932685358138297,0.65,NotSig
k2YXiFJfv6zmbXmA,116.160527,39.92833,石景山区,-0.22923101978384564,0.33,NotSig
k8sHQKBpiWUBAsn4,117.117826,40.154,平谷区,0.9555622540252091,0.045,LL
k12rEmACS5PjRQL5,116.30656,39.977386,海淀区,0.09213386937189852,0.55,NotSig
G7KDAd8SXDymGSDO,116.868411,40.376998,密云区,0.5676633310532654,0.09,NotSig
jFlTBA56THvhjhAh,116.430701,39.904396,东城区,0.15993584918834994,0.44,NotSig
G7Zq7np67yldm0mA,117.121338,40.160036,平谷区,0.2684217314551785,0.325,NotSig
l4LDWyenzLjsOrgc,116.374545,39.911608,西城区,1.8628714329560994,0.005,LL
kaWdz9nfZNhaP8F4,116.111409,39.91063,门头沟区,0.10810540337878582,0.555,NotSig
EBG2RDgD9FI7W27X,116.436567,39.866249,丰台区,-0.0017433415777484455,0.98,NotSig
G56olcL36E1OMKR6,116.231911,39.872324,丰台区,-0.4770539221738524,0.145,NotSig
H4LF0RbFNSpwBdjL,117.111047,40.140766,平谷区,0.04868557482857221,0.815,NotSig
k9oMxkCwqiFjLfcA,115.984542,39.700262,房山区,1.9073118795611408,0.005,LL
G6KcZebDGwPARDqq,116.310797,40.030487,海淀区,-0.13724660444729384,0.465,NotSig
k837h5LOSoBROGSS,116.221968,40.224114,昌平区,-0.2161641954909241,0.35,NotSig
kakuTsgnj5H3qpGr,116.336741,39.932992,西城区,-0.010583497389971839,0.945,NotSig
G9VSTmbmJ6SgGtDg,116.435291,39.866247,丰台区,-0.5626754565835216,0.11,NotSig
H1AZBhRxbfXy4OFQ,116.332092,39.764387,大兴区,-0.18532230205284175,0.39,NotSig
l38DS1PWcq9MT2TF,116.509362,39.905647,朝阳区,-0.2602386893857794,0.29,NotSig
G5tMjg4k9yu50dgC,116.461629,40.000637,朝阳区,-0.02852000527879454,0.845,NotSig
l8FulAZ0Jlhc6Pil,116.565694,39.799005,通州区,-0.12361201295147006,0.51,NotSig
H2N4lP9R5y7qYjN7,116.411094,39.842424,丰台区,0.1291939641376196,0.535,NotSig
k36hUe7CbLpiw6Es,116.469725,39.929125,朝阳区,-0.09818162932638044,0.62,NotSig
iNoFcFYIt2pMiSv4,116.306588,39.978587,海淀区,-0.022341098025664564,0.83,NotSig
k7iUXMDcGwuJCXaD,116.30656,39.977386,海淀区,-0.05389115298276742,0.71,NotSig
l6KsrfDXi3TOsmq0,116.817488,40.370796,密云区,0.35431584149149314,0.155,NotSig
l80BewAeUYI0aa2R,117.123746,40.143888,平谷区,0.6543126935426422,0.105,NotSig
H3J6V5f9CWK3oMhO,116.286538,39.925225,海淀区,-0.061529878796047086,0.72,NotSig
k7rIjDqL9HGHQW8n,116.385297,39.764761,大兴区,-0.5107229376269226,0.095,NotSig
k7Zk8pctXZUEeYoL,116.427671,39.941261,东城区,-1.147267133880557,0.02,LH
l10X1OqyNU5gPIvy,116.29337,39.87371,丰台区,-0.22793331032837752,0.375,NotSig
k1Nc6SpTcU4HsPQP,116.329943,40.048846,海淀区,-0.17319889738696134,0.435,NotSig
k8zDq3HdmWEdDDLX,116.390298,39.840011,丰台区,0.5393161562698637,0.105,NotSig
l7A84pTFMgInkMgI,116.158052,39.75812,房山区,0.1011645745798842,0.605,NotSig
H94lTKvkTnUie4F6,116.490263,40.001221,朝阳区,0.0222811820899484,0.84,NotSig
HaJNEyU8FiE0Hw6u,116.412112,40.09732,昌平区,0.1683167065820166,0.46,NotSig
k5AT46luRf5mAmlh,116.452937,39.933128,朝阳区,0.0006234141544895006,0.995,NotSig
l24TEaH0YiU9Ve1o,116.314411,39.983475,海淀区,0.3047332534579901,0.28,NotSig
l54f96YMnby4K72i,116.477132,39.894205,朝阳区,-0.20655885378632963,0.395,NotSig
l16QJUag7xjg05I2,117.117826,40.154,平谷区,0.7442459597793111,0.085,NotSig
H9kQqjgtPpFQxso2,116.314805,39.979257,海淀区,0.821648371647166,0.035,LL
l7ZokrdFZlinfK4y,116.364988,39.860437,丰台区,0.28956981050933334,0.21,NotSig
H5LaVWvXntwd9Gin,116.435291,39.866247,丰台区,-0.1703554891250218,0.445,NotSig
G2vrGV7v8p2jYHRK,116.134911,39.719076,房山区,0.2599329697100737,0.265,NotSig
H9HhaT6BjrLkD76i,116.408725,39.953775,东城区,-0.8180695494705628,0.085,NotSig
k9HAZekZySXtppRw,116.322825,39.897475,海淀区,0.15014489161642147,0.465,NotSig
jaY67j48XFOM6hl0,116.499306,39.785646,大兴区,0.14940299099079762,0.485,NotSig
G7XALTcYvS3tfoG6,116.234133,40.210693,昌平区,0.0116674610305047,0.89,NotSig
k6paGlEi8DCA4Kl2,116.315934,39.978375,海淀区,0.2203580005543787,0.31,NotSig
G9LGmvxPXkRseHhj,116.315934,39.978375,海淀区,0.8470899523148926,0.025,LL
k2lCD3hkIIpagwbS,116.315934,39.978375,海淀区,0.760785586568669,0.045,LL
H3pP3boKDvSjiGgw,116.52163,39.924023,朝阳区,-0.4763223767714107,0.095,NotSig
Fbpulc9Wkq96SZWs,116.379398,39.834848,丰台区,1.2537751444344376,0.015,LL
l4YFCFseNgKY96eH,116.247763,40.194237,昌平区,-0.5394206042642721,0.11,NotSig
H5nSes6tLp2bASnr,116.409872,39.969401,东城区,0.03612768072796582,0.735,NotSig
k3LqiLxDEUJIEhYv,116.336741,39.932992,西城区,-0.008898669026494459,0.935,NotSig
l23tcYquZ64svjeZ,115.984398,40.474631,延庆区,-0.005493456704508853,0.95,NotSig
l7yJyR9Ye1a1QbR0,116.37309,39.913888,西城区,2.0463891776284773,0.01,LL
k3n0qV2g87er5uIg,116.482051,39.911138,朝阳区,0.33413512093751474,0.22,NotSig
FhuufswlA1QzbxTm,116.636265,40.314972,怀柔区,-0.08445630685525855,0.63,NotSig
iTQahwm8Xwun4hxa,116.38708,39.842751,丰台区,1.9962426865854486,0.005,LL
k892Dxxtdj9o8KZ0,116.526842,39.858845,朝阳区,-0.1383816276557502,0.485,NotSig
H1StYrIuV8X6qt9i,116.463268,39.921691,朝阳区,-0.4208536535904375,0.16,NotSig
G3KUlOeA2ryLOwmt,116.644388,40.326177,怀柔区,-0.24336212490638234,0.32,NotSig
H2cgranOc6Ouv0VH,116.414624,40.117071,昌平区,0.1407043926481846,0.555,NotSig
H8NHZqcRT54Sed4d,116.160527,39.92833,石景山区,-0.1526884667018514,0.47,NotSig
l1hKqkv7XivaNBr9,116.096725,39.944075,门头沟区,0.2862750541393608,0.27,NotSig
k3jwdyiezp8OQmop,116.29337,39.87371,丰台区,-0.1994153029164268,0.385,NotSig
k6NzRlQqbP0GVtLX,116.315106,40.103736,昌平区,-0.5559670903915779,0.095,NotSig
k6QOMtKDsuoo2KnR,116.319675,40.08364,昌平区,-0.13602776574283276,0.51,NotSig
iywMR42afWxty5uE,116.305309,39.883202,丰台区,0.11717813694652106,0.555,NotSig
l1JLqICEWx2NBadQ,116.339566,39.991506,海淀区,-0.04904645639755194,0.79,NotSig
kaCWsvVsjgd3Po5o,116.383054,40.101503,昌平区,0.15051358654868655,0.49,NotSig
l7T0VVlie4cOHb27,116.332606,39.841575,丰台区,-0.4910859235595132,0.12,NotSig
G225A3zQMIoeIBBN,116.496022,39.916014,朝阳区,-0.01619440091321747,0.905,NotSig
H8sSz19YCxK93HH5,116.660456,40.099574,顺义区,-0.01685038146053074,0.905,NotSig
k3GnagwN3dAsfM4D,116.544195,40.099378,顺义区,-0.0032225441111107915,0.995,NotSig
H83svBGqRsfBsxIA,116.390298,39.840011,丰台区,-0.15405450437745177,0.525,NotSig
k7ZDMdaxV0xmNLUE,116.374545,39.911608,西城区,2.922781366326288,0.005,LL
FXc57BbsEouFVQBJ,116.83306,40.367303,密云区,-0.2858114810807737,0.26,NotSig
l1x10BOW5UJ4MNsS,116.225559,39.905822,石景山区,0.10605709477847182,0.585,NotSig
l1Xx8LCRTnkvy8fJ,116.30656,39.977386,海淀区,0.015115424735638571,0.895,NotSig
k5Vo8BXepzT8RXMO,116.451876,39.917594,朝阳区,-1.323312969846705,0.02,LH
H5OSq0bBdeM5A0CY,116.482051,39.911138,朝阳区,0.8124333203923847,0.05,NotSig
l7BUabLd6HPXNafq,117.093631,40.14634,平谷区,-0.3727738748959702,0.23,NotSig
H1QggHqzRGF4y7cn,116.37309,39.913888,西城区,2.0463891776284773,0.005,LL
G9VpolO1fZNFf621,116.293007,40.098309,昌平区,0.00959693514861767,0.96,NotSig
H6nONA76eJDIdgAi,116.430701,39.904396,东城区,-1.5992381821697381,0.01,LH
l63UUTVig61FJPZE,116.293007,40.098309,昌平区,0.07397407001985408,0.675,NotSig
G3YtGA1z8QkivEud,116.331851,39.884419,西城区,0.9368391320644646,0.045,LL
k5KEg567dpGSy8d1,116.353025,40.061725,海淀区,-0.7560954960988147,0.06,NotSig
H8UXEJwvpDW0bm0m,116.1348,39.680831,房山区,0.6877605977156068,0.065,NotSig
k2dTcDBRVPuMgpBB,116.521598,39.924055,朝阳区,0.4658689958468528,0.11,NotSig
la6ZhEonIjwWlnNx,116.444276,39.929376,朝阳区,0.6514507144232478,0.07,NotSig
k8YtG5gDhUzUgcw7,116.521174,39.940288,朝阳区,0.4461105025297637,0.15,NotSig
H5TXyOZkHc0XeH7O,116.309539,39.934921,海淀区,-0.5652467738060144,0.11,NotSig
k7bYAjdYCqYNmska,116.647761,40.126183,顺义区,0.1378153092452814,0.475,NotSig
k6aQY2tewtsPzc5D,116.596186,39.926212,朝阳区,0.3248528253052705,0.22,NotSig
