id,name,address,district,lng,lat,type,keyword
B0J1B7LU9R,北京小海棠便利店有限公司(东交民巷30号小区店),东交民巷30-5号,东城区,116.407238,39.901932,购物服务;便民商店/便利店;便民商店/便利店,便利店
B0I2HZ2D1Y,中商惠民便利(王府井店),北京东华金街购物中心北门旁,东城区,116.409647,39.910342,购物服务;便民商店/便利店;便民商店/便利店,便利店
B0HUBACR8Z,优堂便利店24小时,前门大街甲2号(升旗宾馆5号房)(前门地铁站E2北口旁),东城区,116.400130,39.899879,购物服务;购物相关场所;购物相关场所,便利店
B0KAC1QADG,便利蜂(东方新天地店),东长安街1号北京东方新天地F2层,东城区,116.416321,39.909580,购物服务;便民商店/便利店;便民商店/便利店,便利店
B0H01LSR7I,便利蜂(王府井步行街店),王府井大街256号王府井步行街,东城区,116.408892,39.913299,购物服务;便民商店/便利店;便民商店/便利店,便利店
B000A8WELV,7-ELEVEn(民生金融中心店),建国门内大街28号民生金融中心C座B1层L38单元,东城区,116.420193,39.907436,购物服务;便民商店/便利店;7-ELEVEn便利店,便利店
B000A7ZIRD,7-ELEVEn(新怡商务楼店),东兴隆街新怡家园甲3号楼一层,东城区,116.416704,39.897454,购物服务;便民商店/便利店;7-ELEVEn便利店,便利店
B0FFK8LFJ4,便利蜂(崇文门新世界百货1期店),崇文门外大街5号新世界1期L1层,东城区,116.417255,39.899062,购物服务;便民商店/便利店;便民商店/便利店,便利店
B0FFIDVARD,全家便利店(澳门中心店),王府井东街8号澳门中心1F层,东城区,116.413298,39.914559,购物服务;便民商店/便利店;便民商店/便利店,便利店
B0IAX73G9O,京东便利店(前门大街店),前门大街2号(前门地铁站I西南口步行90米),东城区,116.398219,39.898221,购物服务;便民商店/便利店;便民商店/便利店,便利店
B0FFKS87PJ,LAWSON罗森(前门大街店),前门大街116号一层101室,东城区,116.398519,39.892275,购物服务;便民商店/便利店;便民商店/便利店,便利店
B0I0BHFAEV,迪兴天天超市,东华门大街21号,东城区,116.405678,39.915392,购物服务;超级市场;超市,便利店
B0FFL6FOKG,7-ELEVEn(天鼎218文化金融园店),世纪天鼎西侧路与西半壁街交叉口东20米,东城区,116.401286,39.891191,购物服务;便民商店/便利店;7-ELEVEn便利店,便利店
B0L6F7JIN2,物美便利店(粮食店街店),粮食店街25号(珠市口地铁站A西北口步行400米),西城区,116.397730,39.894739,购物服务;便民商店/便利店;便民商店/便利店,便利店
B0J35RY30T,7-ELEVEn(金鱼池店),南桥湾街88号(桥湾地铁站D西南口步行170米),东城区,116.407857,39.891501,购物服务;购物相关场所;购物相关场所,便利店
B0JRVKIBH7,心翔超市,东单北大街74号(东单地铁站F东北口步行480米),东城区,116.418119,39.912807,购物服务;购物相关场所;购物相关场所,便利店
B000AA0PP0,一家店(兴隆都市馨园店),兴隆都市馨园2号楼B40号,东城区,116.414067,39.896626,购物服务;便民商店/便利店;便民商店/便利店,便利店
B0LANRZ6MK,北京文创便利店,南池子大街与普渡寺前巷交叉口西北20米,东城区,116.403014,39.912875,购物服务;便民商店/便利店;便民商店/便利店,便利店
B0FFL1H2IQ,便利蜂(新成文化大厦店),崇文门外大街11号1层11-5-1,东城区,116.418327,39.894195,购物服务;便民商店/便利店;便民商店/便利店,便利店
B0LD7CWMSE,7-ELEVEn(西花市大街店),北京城区西花市大街86号,东城区,116.422643,39.896994,购物服务;便民商店/便利店;便民商店/便利店,便利店
B0FFHROL4Q,果宜客24小时便利店,北京同仁堂王府井中医医院南门西南50米,东城区,116.409219,39.915269,购物服务;综合市场;果品市场,便利店
B000A85PVV,易捷便利店(中国石化崇文门加油站店),庆平胡同22号(北京市东城区丁香小学西北),东城区,116.420752,39.900341,购物服务;便民商店/便利店;便民商店/便利店,便利店
B0K0PUX0W8,京东便利店(王府井步行街店),灯市口地铁站A西北口步行330米,东城区,116.414625,39.916835,购物服务;购物相关场所;购物相关场所,便利店
B0I1VZYZD7,花市奶站(新景家园西区店),西花市大街新景家园底商98号,东城区,116.422079,39.897011,购物服务;便民商店/便利店;便民商店/便利店,便利店
B0IGFUX8YZ,天顺生活超市,粮食店街39号(珠市口地铁站A西北口步行340米),西城区,116.397682,39.894198,购物服务;便民商店/便利店;便民商店/便利店,便利店
B0I627HNOE,7-ELEVEn(北京灯市口大街店),灯市口大街57号(金鱼胡同地铁站出入口步行400米),东城区,116.412757,39.918804,购物服务;便民商店/便利店;7-ELEVEn便利店,便利店
B0FFK9RXXV,物美便利店,邮通街与苏州胡同交叉口东80米,东城区,116.425434,39.905479,购物服务;便民商店/便利店;便民商店/便利店,便利店
B0FFL7RZBI,松仁雨便民便利店,金鱼池中街老城一锅旁边(底商),东城区,116.405900,39.891026,购物服务;便民商店/便利店;便民商店/便利店,便利店
B0G05SJEVB,京东便利店(北京建国门北京站如家商旅酒店店),邮通街与苏州胡同交叉口东南40米,东城区,116.424925,39.905475,购物服务;便民商店/便利店;便民商店/便利店,便利店
B0L3AOYCSA,美宜佳(西花市大街店),崇文门外大街18号国瑞购物中心F1层,东城区,116.420094,39.898206,购物服务;便民商店/便利店;便民商店/便利店,便利店
B000A80PIH,易捷便利店(北京站中国石化加油站店),北京站西街(北京站地铁站A西北口步行350米),东城区,116.422945,39.904121,购物服务;便民商店/便利店;便民商店/便利店,便利店
B0HUUCRP5O,京东便利店(天伦王朝店),东华门街道王府井大街50号天伦王朝一层西北角,东城区,116.411385,39.918220,购物服务;便民商店/便利店;便民商店/便利店,便利店
B0KUNZ64FY,果宜客便利店(祈年大街店),祈年大街与清华街交叉口东北40米,东城区,116.412798,39.892390,购物服务;便民商店/便利店;便民商店/便利店,便利店
B0J1HXU3CB,7-ELEVEn(王府井步行街店),灯市口大街与同福夹道交叉口东南40米,东城区,116.416403,39.918640,购物服务;便民商店/便利店;便民商店/便利店,便利店
B0G277EUXT,便利蜂(新景家园店),西花市南里西区9号楼1层117,东城区,116.421502,39.893589,购物服务;便民商店/便利店;便民商店/便利店,便利店
B0JUO9DTTV,北京大商投资有限责任公司灯市口超市,灯市口大街33号地下一层B02、B03,东城区,116.414195,39.918870,购物服务;便民商店/便利店;便民商店/便利店,便利店
B0IUPDOE9N,多点便利店(灯市口店),灯市口地铁站内,东城区,116.417875,39.917175,购物服务;便民商店/便利店;便民商店/便利店,便利店
B0JDUDO39S,便利蜂(干面胡同店),丽晶酒店北门东80米(灯市口地铁站C东南口旁),东城区,116.418807,39.917068,购物服务;便民商店/便利店;便民商店/便利店,便利店
B0FFIXSKYR,全家便利店(王府井大街一店),商务印书馆西门北50米,东城区,116.411189,39.920510,购物服务;便民商店/便利店;便民商店/便利店,便利店
B0JRJ7GG0C,丰盛便利超市,大栅栏西街56号格林豪泰酒店旁边,西城区,116.392575,39.894862,购物服务;便民商店/便利店;便民商店/便利店,便利店
B0I1KNWWQJ,老街坊综合超市,灯市口西街36号,东城区,116.408117,39.918339,购物服务;便民商店/便利店;便民商店/便利店,便利店
B0J3ARO2BT,7-ELEVEn(新裕商务大厦店),广渠门内大街90-5号新欲商务大厦(磁器口地铁站G东南口旁),东城区,116.421799,39.892870,购物服务;购物相关场所;购物相关场所,便利店
B0K23HSCLR,好客士便利店(北京站店),北京站街20号-01(北京站地铁站B东北口步行70米),东城区,116.427973,39.905889,购物服务;便民商店/便利店;便民商店/便利店,便利店
B0FFIYANCE,京东便利店(北京站店),毛家湾胡同甲13号北京站2F层,东城区,116.426823,39.903672,购物服务;便民商店/便利店;便民商店/便利店,便利店
B0K0NBA6L0,便利蜂(新裕商务大厦店),广渠门内大街90号新裕商务大厦(磁器口地铁站G东南口旁),东城区,116.421655,39.892735,购物服务;便民商店/便利店;便民商店/便利店,便利店
B000A80WCW,好邻居(金宝街金宝汇店),金宝街临3号(灯市口地铁站C东南口步行470米),东城区,116.422739,39.915779,购物服务;便民商店/便利店;便民商店/便利店,便利店
B0LB5U2BG2,松仁雨便利店,王府井大街48号1栋1层01-09-03,东城区,116.411294,39.919050,购物服务;便民商店/便利店;便民商店/便利店,便利店
B0KAMZ2QQM,便利店,建国门街道毛家湾胡同北京站,东城区,116.428666,39.904037,购物服务;购物相关场所;购物相关场所,便利店
B0M6C7VZZ9,全升宝便利店,前门西河沿街212号(和平门地铁站C2东南口步行220米),西城区,116.386577,39.898930,购物服务;便民商店/便利店;便民商店/便利店,便利店
B0GUKZD5PW,便利蜂(朝阳门小街小区店),朝阳门南小街20-2号,东城区,116.427101,39.913742,购物服务;便民商店/便利店;便民商店/便利店,便利店
B0I3V5FP9N,神州通达图文便利店,东四南大街与内务部街交叉口东北40米,东城区,116.417898,39.919423,生活服务;摄影冲印店;摄影冲印,便利店
B0FFFA8PCL,7-ELEVEn(朝阳门南小街店),朝阳门南小街16-1-2号,东城区,116.426908,39.916108,购物服务;便民商店/便利店;7-ELEVEn便利店,便利店
B0FFIUK6ED,全家便利店(法华寺街店),法华寺街91号,东城区,116.422359,39.887499,购物服务;便民商店/便利店;便民商店/便利店,便利店
B000A7ZPNY,好邻居(北新华街店),北新华街88号(和平门地铁站B1东北口步行440米),西城区,116.384136,39.903955,购物服务;便民商店/便利店;便民商店/便利店,便利店
B0FFKQWDV0,便利蜂(新景家园店),西花市南里东区16号楼1层商业6,东城区,116.426876,39.893895,购物服务;便民商店/便利店;便民商店/便利店,便利店
B0FFGCXXOK,LAWSON罗森(长富宫店),建国门外大街26号2号楼一层1006室,朝阳区,116.438434,39.907082,购物服务;便民商店/便利店;便民商店/便利店,便利店
B000A7OB6D,7-ELEVEn(北京崇文花市枣苑店),花市枣苑甲3号,东城区,116.430209,39.897336,购物服务;便民商店/便利店;7-ELEVEn便利店,便利店
B000A1F650,7-ELEVEn(美术馆后街店),美术馆后街65号楼下平房4幢1号,东城区,116.408810,39.928911,购物服务;便民商店/便利店;7-ELEVEn便利店,便利店
B0HUA559GF,便利蜂(北京昌盛店),北新华街29号北京昌盛F1层,西城区,116.383173,39.903813,购物服务;便民商店/便利店;便民商店/便利店,便利店
B0L1ABHRYK,7-ELEVEn(朝阳门南小街小区店),朝阳门南小街22号朝阳门南小街小区4区,东城区,116.427137,39.913859,购物服务;便民商店/便利店;7-ELEVEn便利店,便利店
B0FFK4LDL6,便利蜂(通正国际大厦店),广渠门内大街80号1层101B,东城区,116.428572,39.892628,购物服务;便民商店/便利店;便民商店/便利店,便利店
B000A84CXN,7-ELEVEn(北京INN店),南竹杆胡同6号INN3号楼1层东北角,东城区,116.431733,39.921784,购物服务;便民商店/便利店;7-ELEVEn便利店,便利店
B0L1TO5EO6,7-ELEVEn(西单三号店),西单北大街129号院,西城区,116.372913,39.911651,购物服务;便民商店/便利店;便民商店/便利店,便利店
B0H0C90NSB,7-ELEVEn(北京君太百货店),西单北大街133号北京君太百货,西城区,116.372899,39.909978,购物服务;便民商店/便利店;7-ELEVEn便利店,便利店
B0IU515P3O,便利蜂(东四北大街店),东四北大街与东四三条交叉口东南40米,东城区,116.417591,39.926307,购物服务;购物相关场所;购物相关场所,便利店
B0FFIYBRO3,便利蜂(和平门小区店),西绒线胡同10号和平门小区,西城区,116.381552,39.904082,购物服务;便民商店/便利店;便民商店/便利店,便利店
B0IAN7JEX9,京东便利店(北京站东街店),北京站东街8号C座1层102室,东城区,116.431095,39.904434,购物服务;便民商店/便利店;便民商店/便利店,便利店
B0FFGCY31U,LAWSON罗森(宣武门江边城外烤全鱼店),宣武门外大街8号一层101内127号,西城区,116.375714,39.896477,购物服务;便民商店/便利店;便民商店/便利店,便利店
B000A80Q3L,好邻居(天桥北里店),永安路32号,西城区,116.394602,39.886034,购物服务;便民商店/便利店;便民商店/便利店,便利店
B0FFH0JWV6,7-ELEVEn(建国门店),秀水街1号院14号楼底商(建国门地铁站B东北口步行410米),朝阳区,116.438618,39.910628,购物服务;便民商店/便利店;7-ELEVEn便利店,便利店
B0IGVS17ZD,7-ELEVEn(富贵园购物中心店),广渠门内大街35富贵园购物中心F1层,东城区,116.431617,39.894084,购物服务;便民商店/便利店;7-ELEVEn便利店,便利店
B0FFLGV0T7,便利蜂(天安天地店),西绒线胡同28号天安天地大厦F1层,西城区,116.375592,39.903187,购物服务;购物相关场所;购物相关场所,便利店
B0FFIQUQRZ,7-ELEVEn(雅宝路社区epark店),雅宝路7号1号楼1层104室(711便利店),朝阳区,116.436636,39.915780,购物服务;便民商店/便利店;7-ELEVEn便利店,便利店
B0FFFVECHE,天天便利超市(留学路店),留学路50号(珠市口地铁站D西南口步行370米),西城区,116.394747,39.889144,购物服务;便民商店/便利店;便民商店/便利店,便利店
B0FFIU5ZE9,7-ELEVEn(广渠门内大街南侧店),广渠门内大街6号13号楼一层甲6-2号房,东城区,116.437958,39.893374,购物服务;便民商店/便利店;7-ELEVEn便利店,便利店
B0LUPL5KOV,吉麗士多(前门店),大栅栏街道铁树斜街107号(远东饭店对面),西城区,116.386949,39.892403,购物服务;购物相关场所;购物相关场所,便利店
B0KKPU0ISU,角楼超市,五四大街与北池子大街交叉口北20米,东城区,116.402537,39.923706,购物服务;便民商店/便利店;便民商店/便利店,便利店
B000A8WA3D,7-ELEVEn(东四北大街店),东四北大街254号楼1层北起第二间房,东城区,116.417397,39.931406,购物服务;便民商店/便利店;7-ELEVEn便利店,便利店
B0ID4HNA22,佰多美超市(天桥店),北京城区天桥北里6号楼-11号(珠市口地铁站G西南口步行470米),西城区,116.397432,39.885681,购物服务;超级市场;超市,便利店
B0FFIYGD6L,LAWSON罗森(兆泰国际中心店),朝外西街3号1幢1层1030单元,朝阳区,116.436799,39.920246,购物服务;便民商店/便利店;便民商店/便利店,便利店
B000A80P23,快客便利店(干面胡同店),朝阳门内南小街237号,东城区,116.426333,39.917165,购物服务;便民商店/便利店;便民商店/便利店,便利店
B0FFICUHKE,便利蜂(通港大厦店),华远北街2号通港大厦1层101,西城区,116.372792,39.913134,购物服务;便民商店/便利店;便民商店/便利店,便利店
B0L1C971CJ,牛奶便利店(北新华街店),北新华街与东松树胡同交叉口南40米,西城区,116.384325,39.900725,购物服务;综合市场;农副产品市场|购物服务;便民商店/便利店;便民商店/便利店,便利店
B0FFL4NFZ9,便利蜂(宣武门崇光百货店),宣武门外大街8号楼-01层(-1)-101-B1B40,西城区,116.375744,39.897572,购物服务;便民商店/便利店;便民商店/便利店,便利店
B0FFJ8YQSG,LAWSON罗森(南锣鼓巷地铁站店),地铁六号线南锣鼓巷站地上一层110室,东城区,116.403597,39.933303,购物服务;便民商店/便利店;便民商店/便利店,便利店
B0FFHQ8GGW,7-ELEVEn(太平街东侧店),太平街6号1层102号(小豆面馆、物美超市),西城区,116.388121,39.880322,购物服务;便民商店/便利店;7-ELEVEn便利店,便利店
B0FFK4GENG,便利蜂(白桥大街店),白桥大街24号楼2单元1层底商,东城区,116.439444,39.895600,购物服务;便民商店/便利店;便民商店/便利店,便利店
B0J1197SOY,熊本便利店(东花市店),东花市北里中区14号楼一层底商14-2,东城区,116.433159,39.900332,购物服务;便民商店/便利店;便民商店/便利店,便利店
B0FFHHXTP1,7-ELEVEn(南横街店),南华里10号楼10-12室,西城区,116.381967,39.882903,购物服务;便民商店/便利店;7-ELEVEn便利店,便利店
B0FFK32GN2,便利蜂(雅宝大厦店),雅宝大厦1层,朝阳区,116.436755,39.915354,购物服务;便民商店/便利店;便民商店/便利店,便利店
B0FFFAGQRQ,7-ELEVEn(嘉华世纪店),建国路18号嘉华世纪1-102号,朝阳区,116.440920,39.905843,购物服务;便民商店/便利店;7-ELEVEn便利店,便利店
B0FFJF4WUE,好邻居(沙滩路口西店),五四大街38号,东城区,116.404818,39.924174,购物服务;便民商店/便利店;便民商店/便利店,便利店
B0FFM3HH8Z,便利蜂(南门仓胡同店),南门仓2号楼2-5号1层,东城区,116.428080,39.929157,购物服务;便民商店/便利店;便民商店/便利店,便利店
B000A8WELD,香碧螺食品店,建国门街道大羊毛胡同36号,东城区,116.432724,39.903980,购物服务;便民商店/便利店;便民商店/便利店,便利店
B0KDP775BO,LAWSON罗森(广播大厦店),建国门外大街甲14号广播大厦F1层,朝阳区,116.443484,39.907321,购物服务;便民商店/便利店;便民商店/便利店,便利店
B0FFKP3428,友谊便利店(寿长街店),西经路1号附近,西城区,116.389903,39.885333,购物服务;便民商店/便利店;便民商店/便利店,便利店
B0JAURQN8J,熊本便利店(宣武门店),椿树园小区15号楼(麦田房产旁边玻璃门),西城区,116.376881,39.892871,购物服务;便民商店/便利店;便民商店/便利店,便利店
B0KUAL8F8B,笑颜兮美颜便利坊(二店),富贵园四区(广渠门内地铁站B东北口步行260米),东城区,116.433808,39.895105,生活服务;美容美发店;美容美发店|购物服务;购物相关场所;购物相关场所,便利店
B0KA9RKASH,京东便利店(前门大街店)(装修中),北京城区前门大街43号,东城区,116.398370,39.895760,购物服务;便民商店/便利店;便民商店/便利店,便利店
B0KKP63HOL,全家便利店(东四奥林匹克社区体育文化中心店),朝阳门内大街辅路与朝阳门北小街交叉口东北40米,东城区,116.426666,39.924758,购物服务;便民商店/便利店;便民商店/便利店,便利店
B0JRPRPJMI,便利蜂(南竹竿银河SOHOA座),南竹竿胡同2号银河SOHOC座B1,东城区,116.433308,39.921119,购物服务;便民商店/便利店;便民商店/便利店,便利店
B0ID713VR0,幸福超市(葱店西街店),葱店西街与东唐街交叉口南20米,东城区,116.423059,39.890519,购物服务;便民商店/便利店;便民商店/便利店,便利店
B0FFKRVO5G,便利蜂(中信锦园4号楼店),菜市口大街6号院4号楼1层109-1号,西城区,116.376443,39.884779,购物服务;便民商店/便利店;便民商店/便利店|购物服务;超级市场;超市,便利店
B0FFJN6I02,7-ELEVEn(悠唐购物中心店),三丰北里2号楼悠唐购物中心F1层F1-22-2,朝阳区,116.438243,39.921124,购物服务;便民商店/便利店;7-ELEVEn便利店,便利店
B0JRCZ6Q1N,全家便利店(兆泰国际中心店),兆泰国际中心AB座,朝阳区,116.435945,39.919247,购物服务;购物相关场所;购物相关场所,便利店
B0G1PGIKTT,45度便利店,三眼井胡同45号,东城区,116.401318,39.927975,购物服务;便民商店/便利店;便民商店/便利店,便利店
B0JBTOCWOW,全家便利店(交道口南大街店),交道口南大街128号,东城区,116.408907,39.935436,购物服务;便民商店/便利店;便民商店/便利店,便利店
B0IKTAFI8I,五点便利屋(幸福家园3期店),幸福家园12号楼底商-5,东城区,116.431138,39.891090,购物服务;便民商店/便利店;便民商店/便利店,便利店
B0JGUSGEHW,小鲸便利店(站东街店),北京站东街与大羊毛胡同交叉口西100米,东城区,116.431303,39.905240,购物服务;便民商店/便利店;便民商店/便利店,便利店
B0FFIC0NGM,便利蜂(中国人寿大厦店),朝外大街16号中国人寿大厦商场1层,朝阳区,116.439810,39.923710,购物服务;便民商店/便利店;便民商店/便利店,便利店
B0KB1K4V3O,惠邻百佳超市(东花市店),大街本家润园A区2号楼跃动运动馆楼下佳美乐购超市,东城区,116.435996,39.897420,购物服务;便民商店/便利店;便民商店/便利店,便利店
B0FFLPWNDS,便利蜂(天辰大厦店),朝阳门北大街乙12号天辰大厦F1层,朝阳区,116.435705,39.928192,购物服务;便民商店/便利店;便民商店/便利店,便利店
B0GUBXSBV2,LAWSON罗森(东四北大街店),东四北大街74号(北新桥地铁站C东南口步行310米),东城区,116.417125,39.937989,购物服务;便民商店/便利店;便民商店/便利店,便利店
B0FFIK984R,7-ELEVEn(西什库大街19号院店),西什库大街31号院19号楼临街门市19-1,西城区,116.379662,39.927529,购物服务;便民商店/便利店;7-ELEVEn便利店,便利店
B0FFIY0R3K,便利蜂(昆泰国际中心商业街店),怡景园北里老番街1层B2,朝阳区,116.441138,39.920914,购物服务;便民商店/便利店;便民商店/便利店,便利店
B000A85OTC,襄百顺便利店超市(天桥南里店),天桥南里东门南50米(天桥地铁站A西北口步行270米),西城区,116.397037,39.882372,购物服务;便民商店/便利店;便民商店/便利店,便利店
B000A7BG77,好邻居(二龙路店),二龙路甲41-2号(太平桥地铁站A口步行420米),西城区,116.366907,39.910022,购物服务;便民商店/便利店;便民商店/便利店,便利店
B0FFKPBQEK,易捷便利店(中国石化朝阳日坛加油站店),日坛路9号,朝阳区,116.440525,39.911925,购物服务;便民商店/便利店;便民商店/便利店|汽车服务;洗车场;洗车场,便利店
B0LD9HY037,旗瑞便利店(美华世纪店),建国门外建华南路15号美华世纪大厦1层,朝阳区,116.443528,39.905065,购物服务;便民商店/便利店;便民商店/便利店,便利店
B0FFK6SB3R,便利蜂(丰联广场店),朝阳门丰联广场A座地下一层,朝阳区,116.438503,39.923683,购物服务;便民商店/便利店;便民商店/便利店,便利店
B0K0ARYZYM,京东便利店(美术馆三联韬奋书店店),美术馆东街22号(中国美术馆地铁站B东北口步行200米),东城区,116.411146,39.926175,购物服务;便民商店/便利店;便民商店/便利店,便利店
B000A3B0BD,仁和金鑫隆便利店,南纬路33-1号,西城区,116.392032,39.880859,购物服务;便民商店/便利店;便民商店/便利店,便利店
B0I11D6EEK,25便利(光明路店),天坛街道光明西路6号-2底商,东城区,116.435384,39.885314,购物服务;便民商店/便利店;便民商店/便利店,便利店
B0KRBUTTZH,7-ELEVEn(夕照寺中街店),夕照寺中街4号6号楼C-105,东城区,116.442268,39.889234,购物服务;便民商店/便利店;便民商店/便利店,便利店
B0LGOH7PVW,7-ELEVEn(悠唐购物中心店),三丰北里5号楼一层内2-107-2悠唐西门,朝阳区,116.438417,39.921682,购物服务;便民商店/便利店;7-ELEVEn便利店,便利店
B0LAUS74OL,美宜佳(华人一品大厦店),张自忠路10号1层1-1003A,东城区,116.410447,39.933099,购物服务;便民商店/便利店;便民商店/便利店,便利店
B0FFJHG578,京东便利店(天桥店),天桥市场斜街39号(天桥地铁站A西北口步行230米),西城区,116.396715,39.884408,购物服务;便民商店/便利店;便民商店/便利店,便利店
B0JUUSK8RM,S8230顺兴美艺便利店,五四大街25号(中国美术馆地铁站A西北口步行240米),东城区,116.407073,39.924507,购物服务;便民商店/便利店;便民商店/便利店,便利店
B0HB65MZZN,青山超市,东四北大街243号(张自忠路地铁站D西南口步行130米),东城区,116.416990,39.932106,购物服务;便民商店/便利店;便民商店/便利店,便利店
B0HBXMP6NU,北京港佳好邻居连锁便利店有限责任公司地安门分店,地安门外大街178号(什刹海地铁站C东南口步行400米),西城区,116.396410,39.933914,购物服务;便民商店/便利店;便民商店/便利店,便利店
B000A7Y6Z1,好邻居便利店(佟麟阁店),佟麟阁路91号(长椿街地铁站B2东北口步行490米),西城区,116.368469,39.900959,购物服务;便民商店/便利店;便民商店/便利店,便利店
B0FFJFPTK9,便利蜂(鸿豪商业中心店),日坛北路17号院2号楼1层,朝阳区,116.442355,39.920216,购物服务;便民商店/便利店;便民商店/便利店,便利店
B0KRZ5FGRI,诚欣悦便利店,西牛角胡同甲1号,西城区,116.375830,39.912297,购物服务;便民商店/便利店;便民商店/便利店,便利店
B0KKXSG14P,京东便利店(菜市口店),中信城商铺甲2-1(后兵马街2),西城区,116.376408,39.886376,购物服务;便民商店/便利店;便民商店/便利店,便利店
B0FFK92HMO,京东便利店(光明西街店),光明西路1号14号楼108,东城区,116.435119,39.885259,购物服务;便民商店/便利店;便民商店/便利店,便利店
B0GKP5XMG7,咕噜便利店,地安门外大街99号(什刹海地铁站C东南口步行210米),西城区,116.396048,39.935715,购物服务;便民商店/便利店;便民商店/便利店,便利店
B0JAGSG3TF,多多·much超市,北京站东街与建国门南大街交叉口西140米,东城区,116.434275,39.905334,购物服务;便民商店/便利店;便民商店/便利店,便利店
B000A85O5R,7-ELEVEn(五矿广场店),朝阳门北大街5号五矿广场1层,东城区,116.432772,39.931138,购物服务;便民商店/便利店;7-ELEVEn便利店,便利店
B0J2ZSHT40,7-ELEVEn(双子座购物中心店),建国门外大街乙12号双子座购物中心B1层,朝阳区,116.448515,39.907840,购物服务;便民商店/便利店;7-ELEVEn便利店,便利店
B000A7Z7XY,易捷便利店(中国石化宣武门加油站店),宣武门东大街16号楼前(和平门地铁站D1西南口步行380米),西城区,116.378825,39.899725,购物服务;便民商店/便利店;便民商店/便利店,便利店
B000A9LVP0,合家欢烟酒食品店,前青厂胡同4号,西城区,116.380036,39.895239,购物服务;家居建材市场;建材五金市场|购物服务;便民商店/便利店;便民商店/便利店,便利店
B0K0Z7Z6D2,佑亿佳百姓生活超市,东四北大街398号(东四地铁站A西北口步行340米),东城区,116.417542,39.928061,购物服务;便民商店/便利店;便民商店/便利店,便利店
B0FFGSQNIH,LAWSON罗森(菜市口南大街店),菜市口南大街58号一层03号,西城区,116.374869,39.881174,购物服务;便民商店/便利店;便民商店/便利店,便利店
B0LU3M7D2E,便利蜂(朝外Men雅宝商城店),朝外大街朝外门公寓1层,朝阳区,116.442185,39.922296,购物服务;便民商店/便利店;便民商店/便利店,便利店
B0FFLCIIG3,7-ELEVEn(蓝筹名座店),朝外北街北侧蓝筹名座C座,朝阳区,116.438815,39.927119,购物服务;便民商店/便利店;7-ELEVEn便利店,便利店
B0FFKOWTBA,嗨家便利,广渠门内夕照寺东玖大厦B座,东城区,116.440376,39.889858,购物服务;便民商店/便利店;便民商店/便利店,便利店
B0FFG8NAN6,LAWSON罗森(富华大厦店),朝阳门北大街8号D座一层1-A,东城区,116.435853,39.930432,购物服务;便民商店/便利店;便民商店/便利店,便利店
B0FFH8U9AR,7-ELEVEn(太平桥东侧店),丰盛胡同28号楼1层101-11(太平洋保险大厦旁),西城区,116.366188,39.918205,购物服务;便民商店/便利店;7-ELEVEn便利店,便利店
B0G2MO2SHV,什刹海小卖部,北京城区后海北沿8号,西城区,116.392410,39.939635,购物服务;便民商店/便利店;便民商店/便利店,便利店
B0FFF9UOE6,好邻居便利店(宣武门西大街店),宣武门西大街103号1层,西城区,116.365852,39.900002,购物服务;便民商店/便利店;便民商店/便利店,便利店
B0FFG8OIHK,好邻居连锁便利店(永安里中街店),永安里中街25号临丙25号,朝阳区,116.447761,39.905060,购物服务;便民商店/便利店;便民商店/便利店,便利店
B0KA9YMQ9H,LAWSON罗森(泓晟国际中心店),朝阳门北大街9号泓晟国际中心B1层,东城区,116.432841,39.930710,购物服务;便民商店/便利店;便民商店/便利店,便利店
B0HUJ5ZSGS,7-ELEVEn(菜市口大街西侧店),平原里21-1035号(陶然亭地铁站A西北口步行240米),西城区,116.373812,39.880525,购物服务;便民商店/便利店;7-ELEVEn便利店,便利店
B000A81K4I,7-ELEVEn(佳汇国际中心店),佳汇中心B座,朝阳区,116.440791,39.928204,购物服务;便民商店/便利店;7-ELEVEn便利店|购物服务;服装鞋帽皮具店;品牌服装店,便利店
B0I13PO1H3,好邻居便利店(灵境小区店),太仆寺街33号灵境小区,西城区,116.379335,39.914735,购物服务;便民商店/便利店;便民商店/便利店,便利店
B0FFIVIOJW,便利蜂(光华路SOHO-1期店),光华路22号光华路SOHO-1期F1层110AB,朝阳区,116.452622,39.913090,购物服务;便民商店/便利店;便民商店/便利店,便利店
B0HU6X61BV,便利蜂(丰汇园小区丰汇时代大厦店),丰汇园11号楼丰汇时代大厦一层商业2-1,西城区,116.364503,39.915809,购物服务;便民商店/便利店;便民商店/便利店,便利店
B000A8VPNB,7-ELEVEn(北新桥店),东四北大街30号房一层(北新桥地铁站C东南口步行160米),东城区,116.417106,39.939362,购物服务;便民商店/便利店;7-ELEVEn便利店,便利店
B0FFFOH55F,桂馨斋南横街店,平原里小区北区北门旁,西城区,116.371961,39.883098,购物服务;综合市场;农副产品市场|购物服务;便民商店/便利店;便民商店/便利店|餐饮服务;餐饮相关场所;餐饮相关,便利店
B0KKLU8T97,雅宝便利店(儿研所店),雅宝路3号,朝阳区,116.438778,39.915725,购物服务;便民商店/便利店;便民商店/便利店,便利店
B0FFFW5WZ8,LAWSON罗森(金融街店),金城坊街9号商业地下02号部分面积,西城区,116.362618,39.916723,购物服务;便民商店/便利店;便民商店/便利店,便利店
B0FFJ9TP2U,好邻居便利店(西单店),复兴门内大街45号北平房5号,西城区,116.370503,39.908782,购物服务;便民商店/便利店;便民商店/便利店,便利店
B0H6LDDLNR,便利蜂(通用国际中心店),永安东里甲3号院1号楼0108号通用国际中心A座,朝阳区,116.450832,39.905166,购物服务;便民商店/便利店;便民商店/便利店,便利店
B000A84CXT,7-ELEVEn(瑞士公寓店),工体北路66号瑞士公寓2号楼商业109单元,东城区,116.436790,39.932608,购物服务;便民商店/便利店;7-ELEVEn便利店,便利店
B000A1E31B,北汽宣武门加油站便利店,宣武门西大街2号(宣武门地铁站H西南口步行90米),西城区,116.373162,39.899278,购物服务;便民商店/便利店;便民商店/便利店,便利店
B0H1J5OQV1,易捷便利店(中国石化景山加油站店),景山后街7号,东城区,116.397418,39.928697,购物服务;便民商店/便利店;便民商店/便利店,便利店
B0K2PUL89W,7-ELEVEn(陶然亭地铁店),陶然亭路63号1幢1层1-3,西城区,116.375191,39.878750,购物服务;便民商店/便利店;便民商店/便利店,便利店
B0FFH14IJV,易捷便利店(广渠家园6号楼店),广渠家园6号楼1层(广渠门外地铁站D西南口步行200米),东城区,116.446368,39.893033,购物服务;便民商店/便利店;便民商店/便利店,便利店
B0FFFYLGM8,7-ELEVEn(东四十条一号店),东四十条甲22号1幢一层A2号,东城区,116.430735,39.932627,购物服务;便民商店/便利店;7-ELEVEn便利店,便利店
B0JG5ZT4BB,便利蜂(建外SOHO店),东三环中路39号院建外SOHO17号楼1层,朝阳区,116.452715,39.906075,购物服务;便民商店/便利店;便民商店/便利店,便利店
B0KA7C6WPT,7-ELEVEn(鼓楼东大街店),鼓楼东大街139-2号,东城区,116.402534,39.940967,购物服务;购物相关场所;购物相关场所,便利店
B0LG9HTMQ3,安心购超市(广渠门外店),广渠家园16号楼底商安心购超市地下一层,东城区,116.448741,39.891864,购物服务;便民商店/便利店;便民商店/便利店,便利店
B0LGGAY3KT,便利蜂(建外soho西区18号楼店),建外SOHO西区北门西南50米,朝阳区,116.453353,39.906739,购物服务;便民商店/便利店;便民商店/便利店,便利店
B0KRAP51XJ,安心购超市(雅宝城国际大厦店),朝外市场街日坛北路19号雅宝城国际大厦喆啡酒店入口B楼左拐10米,朝阳区,116.441801,39.918875,购物服务;便民商店/便利店;便民商店/便利店,便利店
B0KDMDC089,小黑胖子悠品食客,日坛北路17号院2号楼-1层122内1011,朝阳区,116.443219,39.918009,购物服务;购物相关场所;购物相关场所,便利店
B0KD6BE7CK,全家便利店(永安里东街一店),永安东里16号CBD国际大厦F1层,朝阳区,116.451805,39.904903,购物服务;便民商店/便利店;便民商店/便利店,便利店
B0FFMBAZAP,便利蜂(润诚中心店),东大桥路12号1幢等2幢1层109号,朝阳区,116.451018,39.915148,购物服务;便民商店/便利店;便民商店/便利店,便利店
B000A80WCV,好邻居(烟袋斜街店),地安门外大街19号(什刹海地铁站A2西北口步行140米),西城区,116.395825,39.939432,购物服务;便民商店/便利店;便民商店/便利店,便利店
B000A85CTA,嗨家便利(富瑞大厦店),夕照寺中街14号4号楼富瑞苑大厦112,东城区,116.440568,39.889015,购物服务;便民商店/便利店;便民商店/便利店,便利店
B0JDKSYA15,RELX悦刻(府右街顺天府超市店),西什库大街31号院8号楼顺天府超市里,西城区,116.379817,39.925736,购物服务;购物相关场所;购物相关场所,便利店
B0GRH6N0H7,聚点便利店,交道口南大街聚点便利店,东城区,116.408817,39.937714,购物服务;便民商店/便利店;便民商店/便利店,便利店
B0KKRBQ6KI,7-ELEVEn(东直门内海运仓店),东直门内南小街18号楼-3,东城区,116.426136,39.935509,购物服务;便民商店/便利店;便民商店/便利店,便利店
B0FFL0YWXJ,金瀛便利店(陶然亭店),四平园小区南2门旁,西城区,116.379021,39.880755,购物服务;综合市场;果品市场,便利店
B0G2M1ZEYJ,便利蜂(中海紫御公馆店),中海紫御公馆西区北门旁,东城区,116.389340,39.869906,购物服务;便民商店/便利店;便民商店/便利店,便利店
B000A8WAA3,7-ELEVEn(东直门内大街西口北侧店),东直门内大街277号(北新桥地铁站B东北口步行70米),东城区,116.416945,39.941656,购物服务;便民商店/便利店;7-ELEVEn便利店,便利店
B0FFL0ZF65,京东便利店(法源寺店),法源寺西里一号楼底商,西城区,116.367640,39.886094,购物服务;便民商店/便利店;便民商店/便利店,便利店
B0FFIL92L4,便利蜂(SOHO尚都西塔店),东大桥路8号SOHO·尚都西塔F1层1110,朝阳区,116.451718,39.918931,购物服务;便民商店/便利店;便民商店/便利店,便利店
B0JU49GVRI,77便利店(日坛国际贸易中心A座店),日坛北路17号日坛国际贸易中心A座F1层,朝阳区,116.441676,39.919487,购物服务;便民商店/便利店;便民商店/便利店,便利店
B0FFHXQB1X,便利店(日坛国际贸易中心B座店),雅宝路17号日坛国际贸易中心B座F1层,朝阳区,116.442075,39.918025,购物服务;便民商店/便利店;便民商店/便利店,便利店
B0FFF5FAFR,7-ELEVEn(世界财富大厦WWT店),建国门外大街甲6号SK大厦B2层,朝阳区,116.456822,39.907457,购物服务;便民商店/便利店;7-ELEVEn便利店,便利店
B0FFK58BDT,便利蜂(工体东路13号店),工体东路13号(东大桥地铁站A西北口步行200米),朝阳区,116.449390,39.923408,购物服务;便民商店/便利店;便民商店/便利店,便利店
B0HAJ45DLO,便利蜂(中汇广场店),东直门南大街11号中汇广场F1层,东城区,116.432663,39.934380,购物服务;便民商店/便利店;便民商店/便利店,便利店
B0FFM3IK06,富十九便利店,广渠门外大街7号院13号楼负一1层-115,东城区,116.448109,39.894052,购物服务;便民商店/便利店;便民商店/便利店,便利店
B0I14C8IUG,便利蜂(IFC大厦服务中心店),建国门外大街甲8号IFC大厦服务中心B1层,朝阳区,116.453270,39.907714,购物服务;购物相关场所;购物相关场所,便利店
B0FFKBCNSI,物美便利店(集团总部大家保险店),建国门外大街6号大家保险集团B座B1层,朝阳区,116.454221,39.907704,购物服务;便民商店/便利店;便民商店/便利店,便利店
B000A80HPQ,云里飞,什刹海街道白米斜街22号(什刹海地铁站C东南口步行450米),西城区,116.394506,39.934131,购物服务;便民商店/便利店;便民商店/便利店,便利店
B0KAZBB372,便利蜂(复兴门桥店),复兴门内大街160号(复兴门地铁站D西南口步行70米),西城区,116.357645,39.905724,购物服务;购物相关场所;购物相关场所,便利店
B0FFKYJN1S,北京市水霞便利店,东四北大街88号(张自忠路地铁站A西北口步行400米),东城区,116.417206,39.936738,购物服务;便民商店/便利店;便民商店/便利店,便利店
B000A7ZC4A,易捷便利店(太平桥大街店),太平桥大街113号(太平桥地铁站A口步行330米),西城区,116.362727,39.912342,购物服务;便民商店/便利店;便民商店/便利店,便利店
B0FFK6N5AU,全家便利店(光华东里一店),光华东里8号B1层,朝阳区,116.456614,39.911380,购物服务;便民商店/便利店;便民商店/便利店,便利店
B0H2F5L24T,7-ELEVEn(91科技大厦店),白广路11号91科技大厦F1层,西城区,116.358732,39.883858,购物服务;便民商店/便利店;7-ELEVEn便利店,7-11
B0FFF9ZN6P,7-ELEVEn(金台里店),金台里甲19号楼1层,朝阳区,116.477795,39.918003,购物服务;便民商店/便利店;7-ELEVEn便利店,7-11
B000A8W2YP,7-ELEVEn(沿海赛洛城店),百子湾东里110号楼1层105-a,朝阳区,116.505942,39.899269,购物服务;便民商店/便利店;7-ELEVEn便利店,7-11
B000A80TQ1,7-ELEVEn(紫铭大厦店),新中街乙12号3号楼1层,东城区,116.441175,39.936627,购物服务;便民商店/便利店;7-ELEVEn便利店,7-11
B0FFHLGQ6U,7-ELEVEn(金地广场店),建国路91号金地广场B1层B110A(大望路地铁站出入口旁),朝阳区,116.475343,39.909090,购物服务;便民商店/便利店;7-ELEVEn便利店,7-11
B0H0CUXYC7,7-ELEVEn(兆维工业园A区店),将台路11号(将台地铁站A西北口步行370米),朝阳区,116.492661,39.973722,购物服务;便民商店/便利店;7-ELEVEn便利店,7-11
B0LD3AHT60,7-ELEVEn(新光明桥店),劲松五区519号楼底商一层1号,朝阳区,116.451065,39.883881,购物服务;便民商店/便利店;便民商店/便利店,7-11
B0JG4XHDZL,7-ELEVEn(郎家园西路店),建国路93号院万达广场12号楼1-10号,朝阳区,116.471238,39.911161,购物服务;便民商店/便利店;7-ELEVEn便利店,7-11
B0G19U8Y05,7-ELEVEn(安定门内大街店),安定门内大街189号,东城区,116.408267,39.943827,购物服务;便民商店/便利店;7-ELEVEn便利店,7-11
B0FFH98ECH,7-ELEVEn(凤凰汇购物中心店),曙光西里甲5号院10号楼-21-1层21D,朝阳区,116.455982,39.963351,购物服务;便民商店/便利店;7-ELEVEn便利店,7-11
B0FFG9VFMJ,7-ELEVEn(官舍南区店),东方东路19号5号楼1层(亮马桥地铁站B东北口步行170米),朝阳区,116.463969,39.951085,购物服务;便民商店/便利店;7-ELEVEn便利店,7-11
B000A80O03,7-ELEVEn(富力城店),广渠门外大街北侧富力家园商业7-01,朝阳区,116.458109,39.897479,购物服务;便民商店/便利店;7-ELEVEn便利店,7-11
B0LGBH1154,7-11便利店(大红罗厂街店),大红罗厂街与西什库大街交叉口西南20米,西城区,116.379711,39.927612,购物服务;超级市场;超市,7-11
B0G2AC4PQ9,7-ELEVEn(花园东路店),牡丹园西里11-16号部分用房,海淀区,116.370273,39.979263,购物服务;便民商店/便利店;7-ELEVEn便利店,7-11
B0FFGXE9I8,7-ELEVEn(苹果社区店),百子湾路32号院2号楼1层201号,朝阳区,116.471356,39.900081,购物服务;便民商店/便利店;7-ELEVEn便利店,7-11
B0HBX7RIR0,7-ELEVEn(建国路西南侧店),建国门外大街辅路国贸地铁站C口内,朝阳区,116.460258,39.907411,购物服务;便民商店/便利店;7-ELEVEn便利店,7-11
B0FFKSHDIR,7-ELEVEn(紫檀大厦店),建国路27号院1号院101内1层03单元,朝阳区,116.541433,39.912064,购物服务;便民商店/便利店;7-ELEVEn便利店,7-11
B000AA0KZO,7-ELEVEn(清芷园店),育新街47号清芷园12号楼1层009号,西城区,116.373046,39.875714,购物服务;便民商店/便利店;7-ELEVEn便利店,7-11
B0HRL712G4,7-ELEVEn(蒲芳路店),GOGO新世代(蒲黄榆地铁站E西北口旁),丰台区,116.422153,39.866702,购物服务;便民商店/便利店;7-ELEVEn便利店,7-11
B0FFGDWVKV,7-ELEVEn(元嘉国际公寓-写字楼店),东中街9号北一层RA1H,东城区,116.436760,39.936362,购物服务;便民商店/便利店;7-ELEVEn便利店,7-11
B0JK5HELSK,7-ELEVEn(景泰地铁店),安乐林路16号院1号楼204商铺(景泰地铁站D西南口旁),东城区,116.409693,39.864881,购物服务;便民商店/便利店;便民商店/便利店,7-11
B0FFGWGVHN,7-ELEVEn(国英1号店),西直门南小街国英园1号楼1层104,西城区,116.358829,39.936302,购物服务;便民商店/便利店;7-ELEVEn便利店,7-11
B0G12MKVQ6,7-ELEVEn(光彩路店),赵公口光彩路18号,丰台区,116.414008,39.854685,购物服务;便民商店/便利店;7-ELEVEn便利店,7-11
B0H12Z72A9,7-ELEVEn(凯德晶品店),复兴路51号1幢1层1001-37,海淀区,116.298386,39.908559,购物服务;便民商店/便利店;7-ELEVEn便利店,7-11
B0FFJDWMIV,7-ELEVEn(华茂中心店),北京城区建国路81号-1层B106,朝阳区,116.479917,39.909247,购物服务;便民商店/便利店;便民商店/便利店,7-11
B0K3O5TAWU,7-ELEVEn(沙子口店),北京城区沙子口路8-14号(永定门外地铁站E东南口步行220米),东城区,116.401354,39.865395,购物服务;便民商店/便利店;便民商店/便利店,7-11
B000A8VS8T,7-ELEVEn(花家地店),花家地1号楼1层101,朝阳区,116.468373,39.985310,购物服务;便民商店/便利店;7-ELEVEn便利店|购物服务;专卖店;烟酒专卖店,7-11
B0LGPYCC3W,7-ELEVEn(珠江骏景店),珠江骏景北区29号楼1层101底商,丰台区,116.395909,39.854281,购物服务;便民商店/便利店;便民商店/便利店,7-11
B0FFG1FVOJ,7-ELEVEn(朗琴国际店),广安门外大街168号1幢107号,西城区,116.342042,39.888911,购物服务;便民商店/便利店;7-ELEVEn便利店,7-11
B000AA0QWD,7-ELEVEn(七圣路东北角店),西坝河西里23号4号楼1层,朝阳区,116.436373,39.968815,购物服务;便民商店/便利店;7-ELEVEn便利店,7-11
B000A8VYS2,7-ELEVEn(八里庄店),八里庄南里26号1幢1层(十里堡地铁站D西南口旁),朝阳区,116.500941,39.922494,购物服务;便民商店/便利店;7-ELEVEn便利店,7-11
B0HU1CBR48,7-ELEVEn(文兴西街店),车公庄大街21号院2号,西城区,116.336990,39.933105,购物服务;便民商店/便利店;7-ELEVEn便利店,7-11
B0HR5K9D4Y,7-ELEVEn(双天大厦店),北三环西路甲30-1号,海淀区,116.330138,39.967057,购物服务;便民商店/便利店;7-ELEVEn便利店,7-11
B0H2PSNRRW,7-ELEVEn(颐堤港店),酒仙桥路18号颐堤港LG层LG-11(将台地铁站出入口旁),朝阳区,116.490377,39.970280,购物服务;便民商店/便利店;7-ELEVEn便利店,7-11
B0JKDU5H76,7-ELEVEn(芳城园店),芳城园二区15号楼北侧千跃停车一层,丰台区,116.433536,39.866890,购物服务;便民商店/便利店;7-ELEVEn便利店,7-11
B0KD9HGVW7,7-ELEVEn(垡头地铁站店),翠成馨园105号楼111号底商(垡头地铁站C东南口旁),朝阳区,116.511452,39.860457,购物服务;便民商店/便利店;7-ELEVEn便利店,7-11
B0FFL1RAZC,7-ELEVEn(国贸商城店),建国门外大街1号国贸商城中区东段B1层NB1038,朝阳区,116.460261,39.911477,购物服务;便民商店/便利店;7-ELEVEn便利店,7-11
B0IALHWO1S,7-ELEVEn(西大望路店),西大望路36号底商(平乐园地铁站D西南口步行150米),朝阳区,116.476998,39.885333,购物服务;便民商店/便利店;7-ELEVEn便利店,7-11
B000A845IG,7-ELEVEn(新源里店),新源里16号世方豪庭二期1层1座0103号(琨莎中心),朝阳区,116.450591,39.948157,购物服务;便民商店/便利店;7-ELEVEn便利店,7-11
B0GRO62DNG,7-ELEVEn(后现代城店),百子湾路16号后现代城A区18号楼112-114号房,朝阳区,116.486597,39.899280,购物服务;便民商店/便利店;7-ELEVEn便利店,7-11
B0FFGEGH0O,7-ELEVEn(航天桥店),阜成路北三街13号,海淀区,116.316405,39.925772,购物服务;便民商店/便利店;7-ELEVEn便利店,7-11
B0LDH7JMPD,7-ELEVEn(翠微印象城店),翠微路12号印象城(翠微店)L1层,海淀区,116.303055,39.912463,购物服务;便民商店/便利店;7-ELEVEn便利店,7-11
B000A8W8M4,7-ELEVEn(北京和平里中街西口店),和平里中街19号2号楼1层(自东向西第2间),东城区,116.420567,39.957436,购物服务;便民商店/便利店;7-ELEVEn便利店,7-11
B0KAZBCSYB,7-ELEVEn(物华大厦店),车公庄大街物华大厦1层(车公庄地铁站H西南口步行130米),西城区,116.352810,39.931908,购物服务;便民商店/便利店;便民商店/便利店,7-11
B000A8VX3B,7-ELEVEn(乐成中心SPACE3店),东三环中路55号楼负1层01室(双井地铁站E口旁),朝阳区,116.462423,39.894722,购物服务;便民商店/便利店;7-ELEVEn便利店,7-11
B000A7OB6C,7-ELEVEn(东直门店),东直门内大街5号(东直门地铁站A西北口步行320米),东城区,116.430455,39.941394,购物服务;便民商店/便利店;7-ELEVEn便利店,7-11
B0FFIRH8AA,7-ELEVEn(北新仓社区店),东直门内大街4号(东直门地铁站D西南口步行270米),东城区,116.430585,39.940701,购物服务;便民商店/便利店;7-ELEVEn便利店,7-11
B0KR1CQ759,7-ELEVEn(四川大厦店),阜成门地铁站A西北口旁,西城区,116.354800,39.923972,购物服务;便民商店/便利店;便民商店/便利店,7-11
B0LDAUFCL4,7-ELEVEn(西便门外大街店),真武庙东一巷1-2号(南礼士路地铁站D2西南口步行50米),西城区,116.352384,39.906606,购物服务;便民商店/便利店;7-ELEVEn便利店,7-11
B0FFKBNZQX,7-ELEVEn(远洋新干线店),霞光里66号院1号楼1层商业A05,朝阳区,116.459792,39.957076,购物服务;便民商店/便利店;7-ELEVEn便利店,7-11
B0HUTSYC7J,7-ELEVEn(劲松桥东南侧店),农光里109号楼1层底商(地铁10号线劲松站C东北口步行340米),朝阳区,116.465462,39.884078,购物服务;便民商店/便利店;7-ELEVEn便利店,7-11
B000A87FKX,7-ELEVEn(大柳树店),大柳树路15号院1号楼1层101-2新开,海淀区,116.335246,39.954760,购物服务;便民商店/便利店;7-ELEVEn便利店,7-11
B000A85OOI,7-ELEVEn(安贞里店),安贞里三区26号楼1层,朝阳区,116.402476,39.969505,购物服务;便民商店/便利店;7-ELEVEn便利店,7-11
B0FFLCLHZJ,7-ELEVEn(主语家园店),主语家园17号楼1层110,海淀区,116.323520,39.932836,购物服务;便民商店/便利店;7-ELEVEn便利店,7-11
B000AAFA71,7-ELEVEn(紫芳园四区店),紫芳园四区3号楼1-10号房一层,丰台区,116.439756,39.862225,购物服务;便民商店/便利店;7-ELEVEn便利店,7-11
B0K2OL5U2B,7-ELEVEn(定慧寺店),八里庄61号院6号楼1层105号,海淀区,116.277907,39.928940,购物服务;便民商店/便利店;7-ELEVEn便利店,7-11
B000A7C643,7-ELEVEn(富顿中心店),东三环路劲松桥东侧沙板庄富顿中心C座一单元7号房,朝阳区,116.462874,39.884825,购物服务;便民商店/便利店;7-ELEVEn便利店,7-11
B0FFL6PZVF,7-ELEVEn(旧鼓楼外大街店),旧鼓楼外大街38号(安德里北街地铁站D西南口步行460米),东城区,116.393822,39.953279,购物服务;便民商店/便利店;7-ELEVEn便利店,7-11
B000A80G0D,7-ELEVEn(东三环白家庄路店),白家庄路1号爱丁堡A1商住楼106号,朝阳区,116.459627,39.928840,购物服务;便民商店/便利店;7-ELEVEn便利店,7-11
B0K2K5XAK3,7-ELEVEn(知春路店),知春路48号一层21号(知春路地铁站B南口步行110米),海淀区,116.338632,39.976105,购物服务;便民商店/便利店;7-ELEVEn便利店,7-11
B000A7Z4D6,7-ELEVEn(朝外大街一号店),朝阳门外大街乙6号朝外SOHO1层,朝阳区,116.454749,39.920302,购物服务;便民商店/便利店;7-ELEVEn便利店,7-11
B000A85OVA,7-ELEVEn(瑞辰国际中心店),农展馆南路13号瑞辰国际中心地上商业街1层5号,朝阳区,116.467019,39.934560,购物服务;便民商店/便利店;7-ELEVEn便利店,7-11
B0K13XAPTM,7-ELEVEn(团结湖东里店),团结湖路16号,朝阳区,116.467787,39.929344,购物服务;购物相关场所;购物相关场所,7-11
B0FFIBN7GY,7-ELEVEn(农光里店),农光里201号楼1层10室底商,朝阳区,116.467379,39.881440,购物服务;便民商店/便利店;便民商店/便利店,7-11
B000A7CH77,7-ELEVEn(摩码大厦店),朝阳北路199号摩码大厦1层101号,朝阳区,116.472628,39.923592,购物服务;便民商店/便利店;7-ELEVEn便利店,7-11
B0JDM52FDH,7-ELEVEN(慧忠北路店),慧忠里123号楼,朝阳区,116.406534,39.998918,购物服务;便民商店/便利店;7-ELEVEn便利店,7-11
B0FFGK3AVZ,7-ELEVEn(十里河桥北店),左安门外左安路东口路北A座1层52-23,朝阳区,116.458085,39.866830,购物服务;便民商店/便利店;7-ELEVEn便利店,7-11
B0I1GPVC24,7-ELEVEn(浩鸿园店),浩鸿园(柳芳地铁站B东口旁),朝阳区,116.433099,39.958416,购物服务;购物相关场所;购物相关场所,7-11
B000A87NMR,7-ELEVEn(弯里中心店),金蝉欢乐园2号院甲1号楼1层,朝阳区,116.500688,39.865079,购物服务;便民商店/便利店;7-ELEVEn便利店,7-11
B000A84DB0,7-ELEVEn(惠新西街店),惠新西街23号6号房,朝阳区,116.417075,39.981842,购物服务;便民商店/便利店;7-ELEVEn便利店,7-11
B0FFG74XGP,7-ELEVEn(牡丹园店),北土城西路牡丹商业街一层140室,海淀区,116.368078,39.976886,购物服务;便民商店/便利店;7-ELEVEn便利店,7-11
B0FFJKF9IA,7-ELEVEn(华源一里店),配套商业太平桥路15号一层178,丰台区,116.317253,39.880201,购物服务;便民商店/便利店;7-ELEVEn便利店,7-11
B0HR35C4Y8,7-ELEVEn(财经大学店),古绛镇,海淀区,116.341863,39.957659,购物服务;便民商店/便利店;7-ELEVEn便利店,7-11
B000A845ID,7-ELEVEn(北京和平西街小黄庄路店),和平西街小黄庄路1号(和平西桥地铁站C东南口步行310米),朝阳区,116.417582,39.965166,购物服务;便民商店/便利店;7-ELEVEn便利店,7-11
B000A7OB67,7-ELEVEn(外馆斜街店),安定门外外馆斜街甲1号泰利明苑写字楼1层,朝阳区,116.405251,39.962294,购物服务;便民商店/便利店;7-ELEVEn便利店,7-11
B000A7CK6D,7-ELEVEn(国门大厦店),静安东街左家庄1号国门大厦B座1层,朝阳区,116.448606,39.958926,购物服务;便民商店/便利店;7-ELEVEn便利店,7-11
B0HDZ71M7Y,7-ELEVEn(复兴门外大街店),复兴门外大街甲3-5号(南礼士路地铁站A西北口步行100米),西城区,116.351767,39.907759,购物服务;便民商店/便利店;7-ELEVEn便利店,7-11
B0FFG2UPIF,7ELEVEn金桐东路店,关东店8号2幢一层2-2内101,朝阳区,116.457414,39.916958,购物服务;便民商店/便利店;7-ELEVEn便利店,7-11
B0J0FDSAU3,7-ELEVEn(和平街十五区店),青年沟路与太阳宫桥交叉口南380米,朝阳区,116.431295,39.965662,购物服务;便民商店/便利店;7-ELEVEn便利店,7-11
B0FFIA7V5B,7-ELEVEn(西大望南路店),西大望南路周庄嘉园D区1号商业楼8-1号,朝阳区,116.477688,39.865009,购物服务;便民商店/便利店;7-ELEVEn便利店,7-11
B0HUBXIOZ3,7-ELEVEn(航空科技大厦店),北京市北京市朝阳区(北苑路北地铁站A1西南口步行460米),朝阳区,116.419029,40.026984,购物服务;便民商店/便利店;7-ELEVEn便利店,7-11
B0FFIRCMD9,7-ELEVEn(西土城店),蓟门壹号大厦(西土城地铁站D西南口步行210米),海淀区,116.352570,39.973881,购物服务;便民商店/便利店;7-ELEVEn便利店,7-11
B000A8X7N0,7-ELEVEn(万通金融中心店),阜成门外大街2号1层S1035、S1036、S1037号(顺天府入口旁边),西城区,116.353989,39.922753,购物服务;便民商店/便利店;7-ELEVEn便利店,7-11
B0J6ADXIAF,7-ELEVEn(南礼士路店),南礼士路三条与南礼士路交叉口西北20米,西城区,116.352465,39.912392,购物服务;便民商店/便利店;7-ELEVEn便利店,7-11
B0KAL4AURE,7-ELEVEn(复星国际中心店),朝阳北路237号复星国际中心F1层,朝阳区,116.455815,39.924114,购物服务;便民商店/便利店;便民商店/便利店,7-11
B0FFIN9UA0,7-ELEVEn(白家庄东里店),白家庄东里23号锦湖园公寓C座商业01层车场底商,朝阳区,116.464216,39.928301,购物服务;便民商店/便利店;7-ELEVEn便利店,7-11
B0FFH0U99J,7-ELEVEn(SOLANA蓝色港湾店),朝阳公园路6号SOLANA蓝色港湾1F层,朝阳区,116.476991,39.950039,购物服务;便民商店/便利店;7-ELEVEn便利店,7-11
B0FFKPHGRF,7-ELEVEn(红莲南路店),红莲南路6号院1号楼1层0105,西城区,116.339422,39.877119,购物服务;便民商店/便利店;7-ELEVEn便利店,7-11
B0FFKG5J8H,7-ELEVEn(马连道路店),马连道路(湾子地铁站D西南口步行170米),西城区,116.326662,39.888314,购物服务;便民商店/便利店;7-ELEVEn便利店,7-11
B000A9PX7U,7-ELEVEn(太阳宫凯德MALL店)(装修中),北京城区太阳宫中路12号楼1层101内07-08号,朝阳区,116.448400,39.971066,购物服务;便民商店/便利店;7-ELEVEn便利店,7-11
B0G35ZU2VS,7-ELEVEn(东润时代大厦店),阜成门外大街3号(阜成门地铁站A西北口步行230米),西城区,116.352304,39.923856,购物服务;便民商店/便利店;7-ELEVEn便利店,7-11
B0FFHU8RVK,7-ELEVEn(金贸广场店)(暂停营业),金茂大厦西直门外大街18号楼1单元102号02C,西城区,116.348622,39.938570,购物服务;便民商店/便利店;7-ELEVEn便利店,7-11
B0L1345MXM,7-ELEVEn(景山财富中心店),北京城区古城西路113号,石景山区,116.178625,39.914775,购物服务;便民商店/便利店;便民商店/便利店,7-11
B0L2J57IT2,7-ELEVEn(能+中心富地店),北京城区1层105,海淀区,116.315399,40.042803,购物服务;便民商店/便利店;便民商店/便利店,7-11
B0L1P18AR0,7-ELEVEn(北京金茂府店),北京城区石榴庄一街7号院8号楼1层103,丰台区,116.428660,39.843390,购物服务;便民商店/便利店;便民商店/便利店,7-11
B0K11440V3,7-ELEVEn(北投购物公园店),北投购物公园东A门B1潮街近安贞门地铁站A口通道,朝阳区,116.405085,39.978765,购物服务;便民商店/便利店;便民商店/便利店,7-11
B0J34LPN0N,7-ELEVEn(金海国际店),金海国际南区(百子湾地铁站A2西北口步行360米),朝阳区,116.494162,39.894604,购物服务;便民商店/便利店;7-ELEVEn便利店,7-11
B0GRNLDJD8,7-ELEVEn(中国地震局地质研究所店),华严里甲1号院12幢等9幢内2幢1层01室,朝阳区,116.381920,39.977141,购物服务;便民商店/便利店;7-ELEVEn便利店,7-11
B000A7Z5FU,7-ELEVEn(北京麦子店枣营北里店),枣营北里15号宾都苑公寓106A,朝阳区,116.471499,39.945172,购物服务;便民商店/便利店;7-ELEVEn便利店,7-11
B000A87FK1,7-ELEVEn(北京安贞桔子水晶酒店店),北三环安贞桥胜古南里甲34号安贞桥东北角,朝阳区,116.411854,39.968643,购物服务;便民商店/便利店;7-ELEVEn便利店,7-11
B0KUMS4459,7-ELEVEn(百湾家园店),荣安街12号院燕保百湾家园3号楼底商一层3-11号,朝阳区,116.505523,39.890402,购物服务;便民商店/便利店;7-ELEVEn便利店,7-11
B0FFGXE8XL,7-ELEVEn(小马厂路北侧店),小马厂路1号院4号楼1层101-3,西城区,116.340124,39.892571,购物服务;便民商店/便利店;7-ELEVEn便利店,7-11
B0G09LRNPC,7-ELEVEn(国美第一城店),青年路西里2号院6号楼1层102-01,朝阳区,116.513236,39.933291,购物服务;便民商店/便利店;7-ELEVEn便利店,7-11
B000A85N8M,7-ELEVEn(甜水园街南口店),甜水园东街10号4栋4-5号商铺,朝阳区,116.478473,39.923531,购物服务;便民商店/便利店;7-ELEVEn便利店,7-11
B0KK3BO3FQ,7-ELEVEn(弘善家园店),弘善家园404号楼1层101室03,朝阳区,116.450567,39.870732,购物服务;便民商店/便利店;7-ELEVEn便利店,7-11
B0FFKSXLPT,7-ELEVEn(马家堡东路店),马家堡东路101号院1号楼1层1-4N,丰台区,116.383750,39.845130,购物服务;便民商店/便利店;7-ELEVEn便利店,7-11
B0FFFA8PII,7-ELEVEn(羊坊店),羊坊店路3号2幢1层3-4号,海淀区,116.320889,39.905434,购物服务;便民商店/便利店;7-ELEVEn便利店,7-11
B0FFKZ21OB,7-ELEVEn(镇国寺北街二号店),草桥东路14号楼1层商业I号,丰台区,116.360017,39.846114,购物服务;便民商店/便利店;7-ELEVEn便利店,7-11
B000A9Q0A8,7-ELEVEn(金地·名京店),力源里北街2号院4号楼116A(四惠地铁站E北口步行70米),朝阳区,116.495903,39.909320,购物服务;便民商店/便利店;7-ELEVEn便利店,7-11
B0FFJD0YT9,7-ELEVEn(枫蓝国际购物中心店),北太平庄街道枫蓝国际B座底商,海淀区,116.357232,39.953000,购物服务;便民商店/便利店;7-ELEVEn便利店,7-11
B0FFH9Y636,7-ELEVEn(北土城东路北侧店),北土城东路芍药居2号院甲1号楼一层,朝阳区,116.433155,39.977445,购物服务;便民商店/便利店;7-ELEVEn便利店,7-11
B0FFIU5ZED,7-ELEVEn(麦子店二号店),麦子店街37号一层110号(盛福大厦一层),朝阳区,116.465007,39.947110,购物服务;便民商店/便利店;7-ELEVEn便利店,7-11
B0JGY4VQTM,7-ELEVEn(交大东路31号院店),交大东路31号院,海淀区,116.348350,39.949633,购物服务;便民商店/便利店;便民商店/便利店,7-11
B0H10ZTBVC,7-ELEVEn(华润时代中心店),建国路35号华润时代中心F1层,朝阳区,116.522095,39.909204,购物服务;便民商店/便利店;7-ELEVEn便利店,7-11
B0FFGIT7K7,7-ELEVEn(朝阳大悦城店),朝阳北路101号朝阳大悦城1F层1F-Z19,朝阳区,116.519700,39.924249,购物服务;便民商店/便利店;7-ELEVEn便利店,7-11
B0FFFLIT73,7-ELEVEn(北京朝阳弘燕桥西侧店),弘燕东路山水文园4号楼商业07号A22号,朝阳区,116.483113,39.867527,购物服务;便民商店/便利店;7-ELEVEn便利店,7-11
B0HG0O4LJP,7-ELEVEn(凯德·汇新店),住邦2000商务中心2号楼,朝阳区,116.494161,39.916184,购物服务;购物相关场所;购物相关场所,7-11
B0HUDML4O2,7-ELEVEn(红居街店),广安门外大街红居街远名苑4号楼底商,西城区,116.339556,39.885928,购物服务;便民商店/便利店;7-ELEVEn便利店,7-11
B0FFIV6QWU,7-ELEVEn(海淀店),西三环北路87号4层404,海淀区,116.309182,39.935360,购物服务;便民商店/便利店;7-ELEVEn便利店,7-11
B0FFJ7VVMF,7-ELEVEn(北沙滩店),北沙滩一号院大屯路33-3号,朝阳区,116.373744,40.001900,购物服务;便民商店/便利店;7-ELEVEn便利店,7-11
B0FFKOQNG3,7-ELEVEn(广源大厦店),广源闸路与紫竹桥交叉口北50米,海淀区,116.311743,39.942904,购物服务;便民商店/便利店;7-ELEVEn便利店,7-11
B0FFKYZ33H,7-ELEVEn(朝阳区成寿寺店),成寿寺路136号院3号楼1层109,朝阳区,116.447491,39.843779,购物服务;便民商店/便利店;7-ELEVEn便利店,7-11
B0JRYA8XIW,7-ELEVEn(政馨园店),政馨园3区5-6号楼1层西侧,丰台区,116.430930,39.845530,购物服务;便民商店/便利店;7-ELEVEn便利店,7-11
B000AA0LMQ,7-ELEVEn(马连道南街店),马连道南街2号院8号楼1层,西城区,116.329380,39.884407,购物服务;便民商店/便利店;7-ELEVEn便利店,7-11
B0J177JNNQ,7-ELEVEn(角门西里晨光小区店),马家堡街道办事处角门北路晨光小区16-20号-9,丰台区,116.374698,39.850385,购物服务;便民商店/便利店;便民商店/便利店,7-11
B000A845HW,7-ELEVEn(远洋国际中心店),东四环中路60号远洋国际中心C座107室,朝阳区,116.491209,39.913675,购物服务;便民商店/便利店;7-ELEVEn便利店,7-11
B0J1253WZ2,7-ELEVEn(四惠大厦店),高碑店乡半壁店村惠河南街1069号2号楼1层102室内,朝阳区,116.515505,39.905781,购物服务;便民商店/便利店;便民商店/便利店,7-11
B0FFF9ZNYW,7-ELEVEn(麦子店街一号店),麦子店街36号1层1-3号103A(龙宝大厦一层),朝阳区,116.468477,39.947808,购物服务;便民商店/便利店;7-ELEVEn便利店,7-11
B0L1CL6CGC,7-ELEVEn(石佛营东里店),石佛营路与石佛营中街交叉口东南40米,朝阳区,116.502290,39.933698,购物服务;超级市场;超市,7-11
B0FFHUK4XT,7-ELEVEn(阳光上东滨河花园上东商业店),东四环北路6号一区15号楼1层1-18、1-19,朝阳区,116.480835,39.966908,购物服务;便民商店/便利店;7-ELEVEn便利店,7-11
B0KAN5SO8M,7-ELEVEn(彰化路店),彰化路5号楼一层5-18,海淀区,116.292201,39.942449,购物服务;便民商店/便利店;7-ELEVEn便利店,7-11
B0G3FUKIE0,7-ELEVEn(润枫水尚店),青年路西里5号院16号楼1层101内01号商铺,朝阳区,116.516816,39.926331,购物服务;便民商店/便利店;7-ELEVEn便利店,7-11
B0FFF0G6QK,7-ELEVEn(天鹅湾商务特区店),雅成二里22号楼1层122号,朝阳区,116.521203,39.921674,购物服务;便民商店/便利店;7-ELEVEn便利店,7-11
B0FFJZKYII,7-ELEVEn(知春嘉园店),知春路17号商业车库一层005,海淀区,116.347560,39.976798,购物服务;便民商店/便利店;7-ELEVEn便利店,7-11
B0IDTC2NIO,7-ELEVEn(福润四季店),和敬路4号院11号楼,朝阳区,116.579454,39.958469,购物服务;便民商店/便利店;7-ELEVEn便利店,7-11
B0HROAIA24,7-ELEVEn(芍药居北里店),芍药居320号楼-14,朝阳区,116.431237,39.986891,购物服务;便民商店/便利店;7-ELEVEn便利店,7-11
B0IB37CV8I,7-ELEVEn(果园地铁店),北苑南路44-31号(果园地铁站A东北口步行20米),通州区,116.648348,39.893560,购物服务;便民商店/便利店;7-ELEVEn便利店,7-11
B0HDF5HUAI,7-ELEVEn(东1时区店),双桥东路与塔营街交叉路口往东约50米(东1时区西侧)万豪购物生活广场F1层,朝阳区,116.603284,39.899119,购物服务;便民商店/便利店;7-ELEVEn便利店,7-11
B0FFIITPRI,7-ELEVEn(龙头公寓店),南新园西路龙头公寓3号楼,朝阳区,116.464629,39.868199,购物服务;便民商店/便利店;7-ELEVEn便利店,7-11
B000A80TQ0,7-ELEVEn(洲际大厦店),安德路地兴居9号洲际大厦B座1层,东城区,116.399028,39.951348,购物服务;便民商店/便利店;7-ELEVEn便利店,7-11
B0HRL72WR8,7-ELEVEn(南场东街店),南场东街德贤公馆,大兴区,116.430677,39.819528,购物服务;便民商店/便利店;7-ELEVEn便利店,7-11
B0K3C44YRU,7-ELEVEn(望京SOHO店),望京街10号望京SOHOF2层,朝阳区,116.479875,39.996575,购物服务;超级市场;超市,7-11
B0L2JS6GQD,7-ELEVEn(首经贸店),北京城区首经贸中街8号01层101-005号,丰台区,116.321100,39.840777,购物服务;便民商店/便利店;便民商店/便利店,7-11
B0JR3S978E,7-ELEVEn(远洋时代广场店),玉泉路90号,石景山区,116.252419,39.901590,购物服务;便民商店/便利店;7-ELEVEn便利店,7-11
B000A9JWFD,7-ELEVEn(来广营西路店),来广营西路5号院1号楼1层105号房,朝阳区,116.466023,40.021619,购物服务;便民商店/便利店;7-ELEVEn便利店,7-11
B000A84I5F,7-ELEVEn(望京万象汇店),广顺北大街16号望京华彩商业中心3号楼A100号,朝阳区,116.468145,40.010566,购物服务;便民商店/便利店;7-ELEVEn便利店|购物服务;服装鞋帽皮具店;品牌服装店,7-11
B0H12CA4TM,7-ELEVEn(林肯公园店),经济技术开发区文化园西路8号院39号楼1层102-1,大兴区,116.492509,39.806800,购物服务;便民商店/便利店;7-ELEVEn便利店,7-11
B0HA6OF1U6,7-ELEVEn(利锦府店),东坝中街东坝利锦府南门1层商户,朝阳区,116.548677,39.965968,购物服务;便民商店/便利店;7-ELEVEn便利店,7-11
B0KKRBLKHT,7-ELEVEn(田村店),田村路43号8号楼1层底商101号,海淀区,116.256061,39.929706,购物服务;购物相关场所;购物相关场所,7-11
B0FFKPW1P0,7-ELEVEn(西二旗西路店),西二旗铭科苑北侧三角地内A12,海淀区,116.312744,40.052170,购物服务;便民商店/便利店;7-ELEVEn便利店,7-11
B0FFH0HTL0,7-ELEVEn(南湖南路店),南湖南路16号院4-103,朝阳区,116.463354,39.991525,购物服务;便民商店/便利店;7-ELEVEn便利店,7-11
B0FFKRN15P,7-ELEVEn(永泰园店),永泰园甲13号1层,海淀区,116.350261,40.034930,购物服务;便民商店/便利店;7-ELEVEn便利店,7-11
B0J2UHV6UN,7-ELEVEn(外国语大学东校区东门店),民族大学西路8号院1号楼一层105,海淀区,116.317583,39.955426,购物服务;便民商店/便利店;便民商店/便利店,7-11
B0JALS87HJ,7-ELEVEn(月坛南街37号院店),月坛南街37号月坛南街37号院,西城区,116.346975,39.914150,购物服务;便民商店/便利店;便民商店/便利店,7-11
B0JAL59WK0,7-ELEVEn(盛鑫嘉园店),丰管路5号盛鑫嘉园(泥洼地铁站A2西北口步行210米),丰台区,116.303026,39.858101,购物服务;超级市场;超市,7-11
B0LAYRW8Y4,7-ELEVEn(鸿博家园店),鸿博家园二期C区3号楼底商,朝阳区,116.466474,39.828874,购物服务;便民商店/便利店;便民商店/便利店,7-11
B0FFI1TE4G,7-ELEVEn(安立路店),15号线安立路地铁站西南D口洛克时代1层,朝阳区,116.406604,40.002234,购物服务;便民商店/便利店;7-ELEVEn便利店,7-11
B0IATPKEGE,7-ELEVEn(银座mall店),东直门外大街48号东方银座B座一层,东城区,116.434956,39.939698,购物服务;便民商店/便利店;7-ELEVEn便利店,7-11
B0FFHSRAPL,7-ELEVEn(金盟大厦店),亚运村小营路17号金盟大厦,朝阳区,116.423796,39.992177,购物服务;便民商店/便利店;7-ELEVEn便利店,7-11
B000AAFC41,7-ELEVEn(财满街财经中心店),朝阳路67号9号楼142-143号,朝阳区,116.535485,39.917048,购物服务;便民商店/便利店;7-ELEVEn便利店,7-11
B0FFKT1C5J,7-ELEVEn(燕沙·后店),南十里居48号院4号楼1层106,朝阳区,116.498854,39.958930,购物服务;便民商店/便利店;7-ELEVEn便利店,7-11
B0JR7ZDMQ7,7-ELEVEn(玖耀里店),路松街51号院3号楼1层113号-1,昌平区,116.287901,40.147458,购物服务;便民商店/便利店;便民商店/便利店,7-11
B0FFKSCYVA,7-ELEVEn(民族园店),民族园路2号3幢丰宝恒大厦一层,朝阳区,116.390802,39.979400,购物服务;便民商店/便利店;7-ELEVEn便利店,7-11
B000A7YZVL,7-ELEVEn(新科祥园店),科学院南路21号新科祥园甲四号1层03单元,海淀区,116.324486,39.982745,购物服务;便民商店/便利店;7-ELEVEn便利店,7-11
B0LR2752X9,7-ELEVEn(旧宫东西大街店),旧宫镇商业街东路68号1层101,大兴区,116.447906,39.805523,购物服务;便民商店/便利店;便民商店/便利店,7-11
B0FFHS60YN,7-ELEVEn(云景东路西侧店),云景东路9号2-1-C(梨园地铁站B西南口步行410米),通州区,116.666286,39.882056,购物服务;便民商店/便利店;7-ELEVEn便利店,7-11
B0JDS7SWXK,7-ELEVEn(南竺园一区店),南竺园一区乙1号楼1层01,顺义区,116.592935,40.043120,购物服务;便民商店/便利店;便民商店/便利店,7-11
B0KKSHR42R,7-ELEVEn(信德园店),信德园4号楼底商,西城区,116.346599,39.877102,购物服务;便民商店/便利店;7-ELEVEn便利店,7-11
B0L3ZO11SH,7-ELEVEn(星地中心店),北京城区酒仙桥北路乙十号院,朝阳区,116.503064,39.985728,购物服务;服装鞋帽皮具店;服装鞋帽皮具店,7-11
B0HG0AXQ1W,7-ELEVEn(樊羊路店),樊羊路68号院15号楼1层(白盆窑地铁站B口步行180米),丰台区,116.313851,39.819806,购物服务;便民商店/便利店;7-ELEVEn便利店,7-11
B0FFG58UML,7-ELEVEn(北京苏州桥东北角店),万泉河苏州街76号大洋服装市场,海淀区,116.308176,39.964975,购物服务;便民商店/便利店;7-ELEVEn便利店,7-11
B0JU9S6QJL,7-ELEVEn(林奥CITY PARK购物中心店),清林路4号院林奥嘉园11号楼底商,朝阳区,116.408641,40.033208,购物服务;便民商店/便利店;7-ELEVEn便利店,7-11
B0JARA3B01,7-ELEVEn(北太平路店),北太平路18号院102号,海淀区,116.256779,39.903734,购物服务;便民商店/便利店;便民商店/便利店,7-11
B0FFFAEIPL,7-ELEVEn(丰台一分店),中关村科技园区总部基地8区,丰台区,116.284759,39.822796,购物服务;便民商店/便利店;7-ELEVEn便利店,7-11
B0JACURDBR,7-ELEVEn(关庄路店),黄草湾路与关庄路交叉口西南40米,朝阳区,116.433983,40.000558,购物服务;便民商店/便利店;便民商店/便利店,7-11
B0IR17RMF9,7-ELEVEn(燕保北焦家园店),化工路70号院四区6号楼1层,朝阳区,116.537026,39.849866,购物服务;便民商店/便利店;7-ELEVEn便利店,7-11
B0G2OZFYE6,7-ELEVEn(汇景苑店),单店西路金隅汇景苑三区底商109-2号,朝阳区,116.537344,39.954764,购物服务;便民商店/便利店;7-ELEVEn便利店,7-11
B0FFISIMGA,7-ELEVEn(东湖湾店),利泽西街8号院1号楼1层102,朝阳区,116.459919,40.008115,购物服务;便民商店/便利店;7-ELEVEn便利店,7-11
B0J3JG0NA9,7-ELEVEn(传媒大学地铁站店),建国路与定福庄东街交叉口西60米(传媒大学地铁站A西北口旁),朝阳区,116.554027,39.909659,购物服务;购物相关场所;购物相关场所,7-11
B0KDVKHLOK,7-ELEVEn(清华园店),中关村东路8号东升大厦B座一层SA-133单元,海淀区,116.334272,39.993483,购物服务;便民商店/便利店;7-ELEVEn便利店,7-11
B0FFG0ZXJL,7-ELEVEn(利星行广场店),望京街8号院2号楼一层101号B号商铺,朝阳区,116.482664,39.993893,购物服务;便民商店/便利店;7-ELEVEn便利店,7-11
B000A7CR9V,7-ELEVEn(苏州街18号院店),苏州街18号院(苏州街地铁站E口步行290米),海淀区,116.306495,39.977541,购物服务;便民商店/便利店;7-ELEVEn便利店,7-11
B0LAD75N1G,7-ELEVEn(清华大学店),清华园街道清华大学16区22幢,海淀区,116.325311,39.999478,购物服务;购物相关场所;购物相关场所,7-11
B0I06DS055,7-ELEVEn(大成路店),青塔街道大成路11-3号底商,丰台区,116.267113,39.889177,购物服务;便民商店/便利店;7-ELEVEn便利店,7-11
B0HRT785AU,7-ELEVEn(顺义祥云小镇店),安泰大街6号院2号楼1-107,顺义区,116.537856,40.088221,购物服务;便民商店/便利店;7-ELEVEn便利店,7-11
B0FFIRWCYR,7-ELEVEn(月泉路店),月泉路逸成东苑,海淀区,116.349476,40.014999,购物服务;便民商店/便利店;7-ELEVEn便利店,7-11
B0K1XHYPC1,7-ELEVEn(富力又一城世纪华联购物中心店),大鲁店北路7号,朝阳区,116.563793,39.848380,购物服务;超级市场;超市,7-11
B0J1LMMFIK,7-ELEVEn(定福家园店),定福家园南里3号院1号楼地上1-3,朝阳区,116.566481,39.923643,购物服务;便民商店/便利店;7-ELEVEn便利店,7-11
B000A8XATS,7-ELEVEn(安慧北里小区店),安慧北里逸园17号楼1层入口门南侧第一跨房,朝阳区,116.412785,40.001451,购物服务;便民商店/便利店;7-ELEVEn便利店,7-11
B0J3DRHNT6,7-ELEVEn(广华里B栋店),广泰东路1号院14号楼底商,朝阳区,116.494683,39.891672,购物服务;便民商店/便利店;7-ELEVEn便利店,7-11
B0JUDM2W8C,7-ELEVEn(中发百旺商城店),圆明园西路18号中发百旺商城F1层,海淀区,116.276986,40.028976,购物服务;便民商店/便利店;7-ELEVEn便利店,7-11
B0HKJU1Z7B,7-ELEVEn(常顺路东侧店),常营中路2号院甲号楼1-17,朝阳区,116.605835,39.926323,购物服务;便民商店/便利店;7-ELEVEn便利店,7-11
B0K0XUNS82,7-ELEVEn(亦庄金茂悦店),北京经济技术开发区四海路5号院17号楼1层2单元106-1,大兴区,116.485957,39.753464,购物服务;便民商店/便利店;便民商店/便利店,7-11
B0FFGSST3P,7-ELEVEn(北辰福第店),常惠路6号B1层109号(地铁6号线常营站C口),朝阳区,116.600173,39.926260,购物服务;便民商店/便利店;7-ELEVEn便利店,7-11
B0LR2C52DL,7-ELEVEn(北京红星支行中国工商银行店),旧宫镇商业街东路68号1层101,大兴区,116.446885,39.805358,购物服务;便民商店/便利店;便民商店/便利店,7-11
B0FFG2KT5Y,7-ELEVEn(酒仙桥路二号店),酒仙桥路2号院内11所38幢平房101号,朝阳区,116.491518,39.986154,购物服务;便民商店/便利店;7-ELEVEn便利店,7-11
B0H61ZOSH2,7-ELEVEn(望京八号店),阜荣街15号嘉美风尚中心南2号楼东侧一层底商,朝阳区,116.481890,39.986520,购物服务;便民商店/便利店;7-ELEVEn便利店,7-11
B000A81K6N,7-ELEVEn(阳明广场店),小营路10号阳明广场3号楼1层西南角,朝阳区,116.424419,39.994977,购物服务;便民商店/便利店;7-ELEVEn便利店,7-11
B0FFJ3PPS5,7-ELEVEn(酒仙桥路八号店),酒仙桥路6号院1号楼A座一层北侧底商(798艺术区西南门),朝阳区,116.490437,39.984048,购物服务;便民商店/便利店;7-ELEVEn便利店,7-11
B0IKV7GKRE,7-ELEVEn(石景山金融街店),城通街26号院,石景山区,116.183940,39.905134,购物服务;便民商店/便利店;7-ELEVEn便利店,7-11
B0JACCRDFB,7-ELEVEn(华荣商场店),古城南路48号华荣商场F1层,石景山区,116.189826,39.910819,购物服务;便民商店/便利店;7-ELEVEn便利店,7-11
B0H2URPO7W,7-ELEVEn(康营家园店),香苇路康营家园-23期,朝阳区,116.541533,40.035133,购物服务;便民商店/便利店;7-ELEVEn便利店,7-11
B0FFL6DCYZ,7-ELEVEn(马家堡东路1号店),马家堡东路106号院1号楼1层-101室,丰台区,116.386973,39.842726,购物服务;购物相关场所;购物相关场所,7-11
B0FFJ8JTXT,7-ELEVEn(双合北街店),双合北街双合家园C区8号楼底商,朝阳区,116.528065,39.858986,购物服务;便民商店/便利店;7-ELEVEn便利店,7-11
B0K0SC6WUQ,7-ELEVEn(火箭万源地铁站汉庭酒店店),旧宫镇旧宫西路93号3幢一层19号(底商),大兴区,116.424288,39.804016,购物服务;超级市场;超市,7-11
B0FFGQ7LIJ,7-ELEVEn(通州领展广场店),九棵树中街9号北京通州领展广场1F层110,通州区,116.658763,39.888553,购物服务;便民商店/便利店;7-ELEVEn便利店,7-11
B0JDCZ02QM,7-ELEVEn(住总万科广场店),忠凉路1号院2号楼1层101号,大兴区,116.459040,39.805924,购物服务;便民商店/便利店;便民商店/便利店,7-11
B0L66ZE77D,7-ELEVEn(北京房山印象城店),广阳新路9号院1号楼北京房山印象城1F层,房山区,116.211572,39.753489,购物服务;便民商店/便利店;7-ELEVEn便利店,7-11
B0I677R2Z4,7-ELEVEn(远洋山水店),远洋山水北区底商3-D,石景山区,116.239297,39.903505,购物服务;便民商店/便利店;7-ELEVEn便利店,7-11
B0J3D7HG3U,7-ELEVEn(枫尚奥特莱斯店),朝阳路京通苑30号楼枫尚奥特莱斯1F层,朝阳区,116.595346,39.912230,购物服务;便民商店/便利店;7-ELEVEn便利店,7-11
B0FFLCMG1J,7-ELEVEn(E9区创新工场店),双桥乳品厂2号楼1层125室,朝阳区,116.596443,39.885905,购物服务;便民商店/便利店;7-ELEVEn便利店,7-11
B0KGM7TEGC,7-ELEVEn(合景中心店),合景·悠方天地购物中心(合景中心店),通州区,116.679997,39.908141,购物服务;便民商店/便利店;7-ELEVEn便利店,7-11
B0LR5B9CV5,7-ELEVEn(通州加华印象街店),通胡大路23号加华印象街,通州区,116.688306,39.914357,购物服务;购物相关场所;购物相关场所,7-11
B0FFGM9EHJ,7-ELEVEn(永安大厦店),九棵树东路甲442号(土桥地铁站A西北口步行100米),通州区,116.687064,39.872511,购物服务;便民商店/便利店;7-ELEVEn便利店,7-11
B000A85O8H,7-ELEVEn(望京西园四区店),望京西园四区402号楼一层402-3-5号,朝阳区,116.472382,39.998893,购物服务;便民商店/便利店;7-ELEVEn便利店,7-11
B0H0THOI20,7-ELEVEn(华林家园店),丰台南路甲108号院1号楼一层底商,丰台区,116.294520,39.841453,购物服务;便民商店/便利店;7-ELEVEn便利店,7-11
B000A8XA9U,7-ELEVEn(国奥中心店),林萃东路2号院甲3号楼1层108,朝阳区,116.381422,40.009174,购物服务;便民商店/便利店;7-ELEVEn便利店,7-11
B0L14O2HYH,7-ELEVEn(理想汽车总部店),文良街11号,顺义区,116.580777,40.172450,购物服务;购物相关场所;购物相关场所,7-11
B0J26SO5RG,7-ELEVEn(望京国际研发园店),望京东路6号,朝阳区,116.489123,40.006698,购物服务;购物相关场所;购物相关场所,7-11
B0LDM7EGTI,7-ELEVEn(西点茂MALL店),永定路88号一层88西点茂南侧,海淀区,116.265250,39.904714,购物服务;便民商店/便利店;便民商店/便利店,7-11
B0I0U75YV6,7-ELEVEn(北京奥林匹克花园店),东坝京奥家园302号楼1层103号,朝阳区,116.546277,39.960212,购物服务;便民商店/便利店;7-ELEVEn便利店,7-11
B0FFL88ZOQ,7-ELEVEn(珠江绿洲家园店),三间房镇建国路18号珠江绿洲家园小区3号楼一层,朝阳区,116.559215,39.907765,购物服务;便民商店/便利店;7-ELEVEn便利店,7-11
B0FFF544LD,7-ELEVEn(龙湖北京颐和星悦荟店),颐和园路208号龙湖北京颐和星悦荟L1层L1-29a,海淀区,116.291428,39.997593,购物服务;便民商店/便利店;7-ELEVEn便利店,7-11
B0LRFM6QGS,711西红门店,北京城区宏福路230-244号(双号)1层242号,大兴区,116.331192,39.791103,购物服务;购物相关场所;购物相关场所,7-11
B0J1KL83T9,7-ELEVEn(加州小镇店),加州小镇C区底商(高楼金地铁站A西北口步行420米),通州区,116.681244,39.865211,购物服务;超级市场;超市,7-11
B0FFIU3AGC,7-ELEVEn(苏州街店),大河庄苑4号楼1层106室,海淀区,116.305393,39.981247,购物服务;便民商店/便利店;7-ELEVEn便利店,7-11
B0LRK5GXKD,7-ELEVEn(倚林佳园店),倚林佳园,朝阳区,116.371583,40.013679,购物服务;便民商店/便利店;便民商店/便利店,7-11
B0L1GB9ZXL,7-ELEVEn(苏荷时代店),通朝大街208号苏荷时代(果园地铁站出入口步行270米),通州区,116.646210,39.891847,购物服务;便民商店/便利店;便民商店/便利店,7-11
B0L0BSU5M8,7-ELEVEn(晏河湾家园店),东坝乡宴河湾家园9号院1号楼1层112,朝阳区,116.554486,39.974978,购物服务;超级市场;超市,7-11
B0LB1BYNVS,7-ELEVEn(月亮河小镇店),月亮河河滨路1号月亮河小镇,通州区,116.676813,39.919851,购物服务;便民商店/便利店;便民商店/便利店,7-11
B0HD7CQM8A,7-ELEVEn(智慧谷店),大牛房一巷与大牛房二环路交叉口西南80米,海淀区,116.232734,40.089562,购物服务;便民商店/便利店;7-ELEVEn便利店,7-11
B0JRGMQQCC,7-ELEVEn(杨庄东街店),杨庄东街与杨庄北区中路交叉口东北20米,石景山区,116.197681,39.928578,购物服务;便民商店/便利店;便民商店/便利店,7-11
B0FFFAI23P,7-ELEVEn(上地佳园店),上地佳园45号1层(上地地铁站A西南口步行220米),海淀区,116.319550,40.032346,购物服务;便民商店/便利店;7-ELEVEn便利店,7-11
B0IUYDI3R9,7-ELEVEn(大族广场Mall&More店),北京市经济技术开发区荣华南路2号院10号楼1层,大兴区,116.513584,39.792155,购物服务;便民商店/便利店;7-ELEVEn便利店,7-11
B0L1ZDMGDG,7-ELEVEn(首开·常青藤店),北京城区东坝中街11号院42号楼104,朝阳区,116.536040,39.965833,购物服务;便民商店/便利店;便民商店/便利店,7-11
B0HGX7X4YP,7-ELEVEn(大屯路店),大屯路8号,朝阳区,116.378201,40.001574,购物服务;便民商店/便利店;7-ELEVEn便利店,7-11
B0HRGA8OIM,7-ELEVEn(龙湖蓝海引擎产业园店),红军营东路6号龙湖蓝海引擎产业园F1层,朝阳区,116.437533,40.027224,购物服务;便民商店/便利店;7-ELEVEn便利店,7-11
B0J3M7GUF5,7-ELEVEn(橡树湾店),清河橡树湾二期底商7-9,海淀区,116.333049,40.031471,购物服务;便民商店/便利店;便民商店/便利店,7-11
B0FFKTB3SG,7-ELEVEn(陆港城店),朝阳北路20号院3号楼1层109室,朝阳区,116.592432,39.925031,购物服务;便民商店/便利店;7-ELEVEn便利店,7-11
B0FFIU3ALD,7-ELEVEn(草房二店),五里桥二街2号院5号楼1层(草房地铁站B东北口步行90米),朝阳区,116.615519,39.925589,购物服务;便民商店/便利店;7-ELEVEn便利店,7-11
B0FFFAIA70,7-ELEVEn(京顺东街6号院店),京顺东街6号院2号楼112号,朝阳区,116.527859,40.023834,购物服务;便民商店/便利店;7-ELEVEn便利店,7-11
B0FFG8G4BV,7-ELEVEn(北京西小口路一号店),西小口路66号中关村东升科技园商业街4号,海淀区,116.357796,40.045466,购物服务;便民商店/便利店;7-ELEVEn便利店,7-11
B0LRCBE1HO,7-ELEVEn(金盏嘉园店),金盏嘉园C区,朝阳区,116.555174,40.010305,购物服务;购物相关场所;购物相关场所,7-11
B0KG34EYY3,7-ELEVEn(北京城建·城悦荟店),秋实街1号北京城建·城悦荟F1层,朝阳区,116.421794,40.042386,购物服务;便民商店/便利店;7-ELEVEn便利店,7-11
B0KUHACJNC,7-ELEVEn(畅春园·畅饷里店),颐和园路8号1层01,海淀区,116.304794,39.988908,购物服务;便民商店/便利店;7-ELEVEn便利店,7-11
B0JAT7W1C4,7-ELEVEn(富力·金禧花园店),富力金禧花园,通州区,116.649803,39.902734,购物服务;便民商店/便利店;便民商店/便利店,7-11
B0KKTSH10K,7-ELEVEn(天裕昕园店),后沙峪镇安华街甲7号院26号楼101,顺义区,116.526411,40.083058,购物服务;便民商店/便利店;便民商店/便利店,7-11
B0HUC7UZJQ,7-ELEVEn(爱琴海购物公园店),新华东街289号爱琴海购物公园F1层,通州区,116.659451,39.908656,购物服务;便民商店/便利店;7-ELEVEn便利店,7-11
B0FFIU3ADB,7-ELEVEn(北花园中路店),北花园中路1号院9号楼1层102-2,朝阳区,116.550862,39.904858,购物服务;便民商店/便利店;7-ELEVEn便利店,7-11
B0KR5RLUTZ,7-ELEVEn(回龙观东大街地铁站店),回龙观东大街3号楼1层,昌平区,116.361197,40.081340,购物服务;便民商店/便利店;便民商店/便利店,7-11
B0KR0SJ5FP,7-ELEVEn(首开LONG街-智能物联产业园店),龙锦三街29号院3号楼一层1040,昌平区,116.371027,40.085120,购物服务;便民商店/便利店;便民商店/便利店,7-11
B0I6R7UZRD,7-ELEVEn(富力尚悦居店),富力尚悦居E区东北侧80米,通州区,116.588643,39.770843,购物服务;便民商店/便利店;7-ELEVEn便利店,7-11
B0FFIAT1JZ,7-ELEVEn(通州万达广场店),新华西街58号院5号楼1层105、106号(西门金街b区),通州区,116.643137,39.905310,购物服务;便民商店/便利店;7-ELEVEn便利店,7-11
B0FFI0Z8TF,7-ELEVEn(通州区临河里店),梨园南街38号,通州区,116.682963,39.881257,购物服务;便民商店/便利店;7-ELEVEn便利店,7-11
B0HDFZHE9T,7-ELEVEn(朱辛庄店),乐业路安居路7号院5号楼1层商业102,昌平区,116.315865,40.104860,购物服务;便民商店/便利店;7-ELEVEn便利店,7-11
B0IRRUGJ4Z,7-ELEVEn(乔庄北街店),玉桥街道乔庄东区34-3号,通州区,116.688334,39.895472,购物服务;便民商店/便利店;7-ELEVEn便利店,7-11
B0K3G7RF1Z,7-ELEVEn(黄渠地铁站店),朝阳北路26号东侧商业7号(黄渠地铁站C东南口步行260米),朝阳区,116.581767,39.924100,购物服务;便民商店/便利店;便民商店/便利店,7-11
B0KA1BOAWB,7-ELEVEn(龙德广场翠微百货店),立汤路186号翠微百货(龙德广场店)1F层,昌平区,116.416282,40.059304,购物服务;便民商店/便利店;7-ELEVEn便利店,7-11
B0L2ZB2J4U,7-Eleven平西府(小站公园店),北京城区平西府地铁口D1口西30米,昌平区,116.349729,40.089916,购物服务;便民商店/便利店;便民商店/便利店,7-11
B0FFJJ0BGY,7-ELEVEn(海淀西小口二号店),永泰庄北路1号天地邻枫1号楼一层109号,海淀区,116.371506,40.042356,购物服务;便民商店/便利店;7-ELEVEn便利店,7-11
B0FFKV9KFN,7-ELEVEn(富力运河十号店),江米店街1号院4号楼1层106,通州区,116.686219,39.904629,购物服务;便民商店/便利店;7-ELEVEn便利店,7-11
B0JD577NKQ,7-ELEVEn(通瑞嘉苑店),通瑞嘉苑20号楼108,通州区,116.686428,39.934156,购物服务;便民商店/便利店;7-ELEVEn便利店,7-11
B0HU1CDCO7,7-ELEVEn(华贸城店),来广营清河营南街9号院4号楼华贸天地西区,朝阳区,116.427542,40.048675,购物服务;便民商店/便利店;7-ELEVEn便利店,7-11
B0IKBHDE1Z,7-ELEVEn(远洋春秋里购物中心店),远洋春秋里(杨庄地铁站A西北口步行160米),石景山区,116.185821,39.928806,购物服务;便民商店/便利店;7-ELEVEn便利店,7-11
B0KUV5VDEZ,7-ELEVEn(朝阳北路辅路店),朝阳北路20号院靠近陆港城,朝阳区,116.593576,39.925574,购物服务;购物相关场所;购物相关场所,7-11
B0FFLA0MU3,7-ELEVEn(林业大学北路店),林大北路18号院文成杰座C座底商,海淀区,116.348563,40.007068,购物服务;便民商店/便利店;7-ELEVEn便利店,7-11
B0KDADIQQG,7-ELEVEn(中关村集成电路产业园店),丰豪东路9号院2B号楼1层2单元107,海淀区,116.247591,40.073323,购物服务;便民商店/便利店;7-ELEVEn便利店,7-11
B0FFGXE94H,7-ELEVEn(运河明珠家园店),中仓街道滨河中路241号1层,通州区,116.689444,39.902060,购物服务;便民商店/便利店;7-ELEVEn便利店,7-11
B0KDU53LNC,7-ELEVEn(中泽雅园店),中泽雅园底商46号,通州区,116.635868,39.873225,购物服务;购物相关场所;购物相关场所,7-11
B0FFL7BY6Z,7-ELEVEn(宁馨苑店),城北街道宁馨苑13号楼商3内一层,昌平区,116.260030,40.221293,购物服务;便民商店/便利店;7-ELEVEn便利店,7-11
B0IG67F4UX,7-ELEVEn(鼓楼南街北口店),鼓楼南街东侧一层1-1(昌平地铁站A西北口步行230米),昌平区,116.233745,40.221720,购物服务;便民商店/便利店;7-ELEVEn便利店,7-11
B0J27AF0FR,橡树湾二期711便利店,清河橡树湾二期底商7-9号,海淀区,116.333139,40.031472,购物服务;便民商店/便利店;便民商店/便利店,7-11
B0H10SU5GU,7-ELEVEn(华兴园店),华兴园8号楼1层底商6号,通州区,116.631740,39.903799,购物服务;便民商店/便利店;7-ELEVEn便利店,7-11
B0HRF93B5U,7-ELEVEn(双兴南区店),胜利街道双兴南区40号楼1层-05,顺义区,116.652825,40.140204,购物服务;便民商店/便利店;7-ELEVEn便利店,7-11
B0L2GCTEP9,7-ELEVEn(康营家园店),康营中路7号,朝阳区,116.545432,40.037637,购物服务;便民商店/便利店;7-ELEVEn便利店,7-11
B0J25ZSIIV,7-ELEVEn(北清国际公寓店),回龙观北清路生命科学园北清国际公寓,昌平区,116.267479,40.100808,购物服务;便民商店/便利店;7-ELEVEn便利店,7-11
B0JARCWPV7,7-ELEVEn(黄厂二柠檬晓生活国际公寓店),豆各庄乡黄厂路柠檬晓生活国际公寓(黄厂二店),朝阳区,116.556633,39.849356,购物服务;超级市场;超市,7-11
B0I1CUBUX0,7-ELEVEn(未来视界店),未来科学城滨河大道3号院6号楼103,昌平区,116.482171,40.125525,购物服务;便民商店/便利店;便民商店/便利店,7-11
B0K06Z1SUA,7-ELEVEn(临河悦园店),临河悦园4号院对面711便利店,顺义区,116.677331,40.084929,购物服务;便民商店/便利店;便民商店/便利店,7-11
B0H2K7AQ4G,7-ELEVEn(路劲世界广场店),双营西路78号院路劲世界广场1F层,昌平区,116.291541,40.207037,购物服务;便民商店/便利店;7-ELEVEn便利店,7-11
B0IR6HRZJ9,7-ELEVEn(昌平鼓楼南街南口店),城北街道鼓楼南大街东侧1号楼等2幢1号楼一层8103,昌平区,116.234099,40.215158,购物服务;便民商店/便利店;7-ELEVEn便利店,7-11
B0JKUDLO0B,7-ELEVEn(顺义马坡店),马坡镇双丰街道顺祥街22号泰和宜园东侧一层底商,顺义区,116.652402,40.177085,购物服务;便民商店/便利店;便民商店/便利店,7-11
B0K2K1REM2,7-ELEVEn(首开通州万象汇店),运河东大街51号首开通州万象汇B2层,通州区,116.735045,39.904227,购物服务;便民商店/便利店;7-ELEVEn便利店,7-11
B0IU9DW7FK,7-ELEVEn(沙河店),百沙路与松兰路交叉口东60米,昌平区,116.292832,40.149951,购物服务;便民商店/便利店;7-ELEVEn便利店,7-11
B0L61C6HDY,7-ELEVEn(顺义裕龙花园店),裕龙花园四区16号楼16-10号,顺义区,116.671843,40.123272,购物服务;便民商店/便利店;7-ELEVEn便利店,7-11
B0L3LUQ3F8,7-ELEVEn(龙湖·好望山店),牛栏山鑫牛南路2号院3号楼101底商7-11便利店,顺义区,116.674247,40.215318,购物服务;便民商店/便利店;便民商店/便利店,7-11
B0KRN7J4M8,7-ELEVEn(顺义石园店),石园西社区,顺义区,116.662577,40.111950,购物服务;便民商店/便利店;便民商店/便利店,7-11
B0L3RLNZY9,7-ELEVEn(晟品景园店),石园东社区,顺义区,116.666567,40.111940,购物服务;购物相关场所;购物相关场所,7-11
B0G2N74JP9,7-ELEVEn(顺义金街国际大厦店),新顺南大街8号顺义金街大厦东侧一层底商,顺义区,116.653479,40.127038,购物服务;便民商店/便利店;7-ELEVEn便利店,7-11
B0LAHRJ3HJ,7-ELEVEn(顺悦家园店),乾安路1号院5号楼1层102室,顺义区,116.652500,40.185571,购物服务;便民商店/便利店;便民商店/便利店,7-11
B0LA2AG2VW,7-ELEVEn(顺悦家园店),乾安路1号院5号楼1层01,顺义区,116.652502,40.185628,购物服务;便民商店/便利店;7-ELEVEn便利店,7-11
B0L1M9H2HC,7-ELEVEn(怡馨家园店),北京城区怡馨家园29号楼103,顺义区,116.647858,40.121310,购物服务;便民商店/便利店;便民商店/便利店,7-11
B0K1O5TZ0Y,7-ELEVEn(金隅·万科城店),金隅·万科城1期,昌平区,116.236294,40.212372,购物服务;便民商店/便利店;7-ELEVEn便利店,7-11
B0LUTB3IDT,7—ELEVEn晟品景园店,北京城区石园大街9号院二区2号一层,顺义区,116.678283,40.112324,购物服务;便民商店/便利店;便民商店/便利店,7-11
B0GDRHC3RK,全家便利店(能+中心店),广渠路11号金泰国际大厦1号楼,朝阳区,116.500136,39.893537,购物服务;便民商店/便利店;便民商店/便利店,全家
B0FFH9CF0J,全家便利店(开阳路一店),永外大街车站路12号北京南站1F层,丰台区,116.377569,39.865724,购物服务;便民商店/便利店;便民商店/便利店,全家
B0GK4XREA2,全家便利店(京龙大厦店),朝阳北路225号一层北侧(呼家楼地铁站C东南口步行250米),朝阳区,116.463712,39.923743,购物服务;便民商店/便利店;便民商店/便利店,全家
B0FFI7QPPO,全家便利店(北京西站店),莲花池东路118号北京西站B1层,丰台区,116.321090,39.896057,购物服务;便民商店/便利店;便民商店/便利店,全家
B0L395SLFD,全家便利店(富凯大厦店)(暂停营业),金融大街19号A101富凯大厦1层大堂,西城区,116.359323,39.914805,购物服务;便民商店/便利店;便民商店/便利店,全家
B0I2RZRVOH,全家便利店(惠新西街北口店),专利局家属院北门旁(惠新西街北口地铁站A西步行90米),朝阳区,116.415284,39.988194,购物服务;便民商店/便利店;便民商店/便利店,全家
B0JUM5D7X3,全家便利店(新街口东街店),罗儿胡同2号,西城区,116.376283,39.942443,购物服务;便民商店/便利店;便民商店/便利店,全家
B0JRTL4DU6,全家便利店(三星大厦店),景辉街31号三星大厦(国贸地铁站F东北口步行460米),朝阳区,116.464689,39.912192,购物服务;便民商店/便利店;便民商店/便利店,全家
B0I25KAD6P,全家便利店(融中心B座店),融中心B座楼内,朝阳区,116.436890,39.972229,购物服务;便民商店/便利店;便民商店/便利店,全家
B0FFL20H3K,全家便利店(芳园西路一店),东四环北路2号上东公园里中心地商,朝阳区,116.476688,39.968209,购物服务;便民商店/便利店;便民商店/便利店,全家
B0FFH9LAV4,全家便利店(郎家园路店),建国路93号万达广场9号楼一层,朝阳区,116.470316,39.910152,购物服务;便民商店/便利店;便民商店/便利店,全家
B0G0P7G55A,全家便利店(北苑路一店),小营北路凯旋城4号楼103,朝阳区,116.419086,39.998001,购物服务;便民商店/便利店;便民商店/便利店,全家
B0IGS42BVH,全家便利店(西三环北路店),北京外国语大学西校区东门北90米,海淀区,116.308758,39.956097,购物服务;便民商店/便利店;便民商店/便利店,全家
B0L19HHD02,全家便利店白家庄路店,东三环北路27号楼负一层,朝阳区,116.460818,39.928435,购物服务;便民商店/便利店;便民商店/便利店,全家
B0FFIBJLEP,全家便利店(北京启皓大厦店),[],朝阳区,116.456192,39.947731,购物服务;便民商店/便利店;便民商店/便利店,全家
B0KR69ZFTK,全家便利店(朝运街店),朝运街与通坝东路交叉口西120米,朝阳区,116.550635,39.965988,购物服务;便民商店/便利店;便民商店/便利店,全家
B0L6NARVQI,全家便利店(弘和北路二店),兴华大街41号,大兴区,116.326477,39.720142,购物服务;便民商店/便利店;便民商店/便利店,全家
B0J6VRCG86,全家便利店(酷车小镇店),金蝉西路甲一号酷车小镇R商务楼第R33号,朝阳区,116.501175,39.871804,购物服务;购物相关场所;购物相关场所,全家
B0H0YMGHV3,全家便利店(霄云路一店),国航世纪大厦B1层,朝阳区,116.462166,39.955193,购物服务;便民商店/便利店;便民商店/便利店,全家
B0FFJF17MH,全家便利店(清华东路一店),清华东路15号1号楼103-10,海淀区,116.359164,40.001469,购物服务;便民商店/便利店;便民商店/便利店,全家
B0KDCBHDYP,全家便利店(北京传媒大学西门传媒大学地铁站如家酒店店),定福庄西里1号院南区南门旁,朝阳区,116.553470,39.912767,购物服务;便民商店/便利店;便民商店/便利店,全家
B0H3JH5N27,全家便利店(经海四路店),京东总部2号楼地下一层,通州区,116.558325,39.785506,购物服务;便民商店/便利店;便民商店/便利店,全家
B0FFIUDFF4,全家便利店(清华路店),清华大学西楼北门南150米,海淀区,116.319183,39.998700,购物服务;便民商店/便利店;便民商店/便利店,全家
B0G0X721FF,全家便利店(金隅嘉品Mall店),东坝中路38号楼地上一层L101号,朝阳区,116.547573,39.951942,购物服务;便民商店/便利店;便民商店/便利店,全家
B0L16RSFDF,全家便利店(华润·未来城市1期店),北京城区未来科学城英才北一街5号院5号楼109室,昌平区,116.470743,40.131431,购物服务;便民商店/便利店;便民商店/便利店,全家
B0K1GDRSMY,全家便利店(丽金智地中心店),丽金智地中心一层全家便利店,海淀区,116.320827,39.956044,购物服务;便民商店/便利店;便民商店/便利店,全家
B0FFGI670A,全家便利店(首都机场十三店),首都机场路11北京首都国际机场2号航站楼F2层,朝阳区,116.593162,40.082960,购物服务;便民商店/便利店;便民商店/便利店,全家
B0KKMGHLRZ,全家便利店(德政路一店),地铁16号线西北旺站地下一层东侧B218,海淀区,116.258520,40.048761,购物服务;便民商店/便利店;便民商店/便利店,全家
B0HK9H1L2S,全家便利店(首创·郎园Station店),首创·郎园Station A4东侧90米,朝阳区,116.516382,39.967028,购物服务;便民商店/便利店;便民商店/便利店,全家
B0FFKQMBGS,全家便利店(首都机场十二店),首都机场路11北京首都国际机场2号航站楼F2层,朝阳区,116.594129,40.079438,购物服务;便民商店/便利店;便民商店/便利店,全家
B0KBNRIR2Q,全家便利店(东升科技园二店),东升科技园北街6号院5号楼一层1005室,海淀区,116.358893,40.051218,购物服务;便民商店/便利店;便民商店/便利店,全家
B0FFG96J3F,全家便利店(中二街一店),天通苑社区清华长庚医院住院部B1层商业街B1-04柜,昌平区,116.414921,40.072742,购物服务;便民商店/便利店;便民商店/便利店,全家
B0L337AA84,全家便利店(安祥大街店),裕庆路与安祥大街交叉口东南200米,顺义区,116.540375,40.090275,购物服务;便民商店/便利店;便民商店/便利店,全家
B0LB1H3HBT,全家便利店(星科大厦店),酒仙桥中路星科大厦一层底商,朝阳区,116.494744,39.976643,购物服务;便民商店/便利店;便民商店/便利店,全家
B0L32B2BYX,全家便利店(大屯街道店),北京城区万科时代中心奥林B座(全家便利店),朝阳区,116.416024,39.992802,购物服务;便民商店/便利店;便民商店/便利店,全家
B0K619U25Z,全家便利店(六工汇B2号楼店),五一剧场1号院2号楼1层103A,石景山区,116.156305,39.918754,购物服务;便民商店/便利店;便民商店/便利店,全家
B0FFI9RLJ3,全家便利店(燕南园店),北京大学燕南园29号楼地下一层1号,海淀区,116.309129,39.988661,购物服务;便民商店/便利店;便民商店/便利店,全家
B0K03789LZ,全家便利店(弘和北路一店),弘和北路2号院1号楼1层105,大兴区,116.325436,39.721385,购物服务;便民商店/便利店;便民商店/便利店,全家
B0J3G7C488,全家便利店(丰台创新中心店),丰台创新中心2号楼1层103室,丰台区,116.304108,39.822375,购物服务;便民商店/便利店;便民商店/便利店,全家
B0FFHCE1S6,全家便利店(首都机场二店),首都机场(新航站楼)二号航站楼隔离区G104号商铺,朝阳区,116.593888,40.082914,购物服务;便民商店/便利店;便民商店/便利店,全家
B0HKLCVRH0,全家便利店(启梦苑店),启梦苑,通州区,116.659913,39.858482,购物服务;便民商店/便利店;便民商店/便利店,全家
B0KUTLAC21,全家便利店(金融街·融汇店),华佗路1号院23号楼1层101,大兴区,116.322652,39.674740,购物服务;便民商店/便利店;便民商店/便利店,全家
B0H0RCD6JW,全家便利店(东方航空倒班宿舍店),东方航空倒班宿舍,大兴区,116.421668,39.527704,购物服务;便民商店/便利店;便民商店/便利店,全家
B0J21CJZLF,全家便利店(首都机场T3停车楼一店),首都国际机场T3停车楼B1-GB1003,顺义区,116.615656,40.052864,购物服务;便民商店/便利店;便民商店/便利店,全家
B0LDRM40TK,全家云小店,翡翠长安9号楼一层113,门头沟区,116.134797,39.902966,购物服务;购物相关场所;购物相关场所,全家
B000A9WF75,全家爱超市(新景家园东店),崇文门西花市大街28号,东城区,116.426190,39.897155,购物服务;超级市场;超市|购物服务;便民商店/便利店;便民商店/便利店,全家
B0FFKTR38U,全家爱超市(国瑞城店),国瑞城中区13号楼,东城区,116.422145,39.897383,购物服务;超级市场;超市,全家
B0IRPU858B,全家爱超市(广渠门外大街店),国贸世纪公寓北1门旁(双井地铁站D西南口步行310米),朝阳区,116.457009,39.893166,购物服务;便民商店/便利店;便民商店/便利店,全家
B0K247FA1Z,全家爱超市,阜成门外大街3号阜成门外大街3号院,西城区,116.349281,39.923074,购物服务;便民商店/便利店;便民商店/便利店,全家
B0KBRCQVTJ,全家爱超市(西直门店),西外大街51号瑞辰祥达酒店1幢平房,西城区,116.350259,39.940327,购物服务;便民商店/便利店;便民商店/便利店,全家
B0G3OLB8FR,全家爱超市(复兴门店),复兴门外大街复兴门外大街甲-7号院,西城区,116.350833,39.907790,购物服务;超级市场;超市,全家
B0FFIGGID5,全家爱超市(秀水园小区店),水锥子北里19号甜水园京客隆斜对面果多美超市里面,朝阳区,116.477890,39.927392,购物服务;超级市场;超市|购物服务;便民商店/便利店;便民商店/便利店,全家
B0HAF1YZDS,全家爱超市(北土城西路店),翠微百货牡丹园店南2门旁(牡丹园地铁站A西北口旁),海淀区,116.367861,39.976900,购物服务;便民商店/便利店;便民商店/便利店|购物服务;超级市场;超市,全家
B0FFJUO86L,全家爱超市(高家园店),酒仙桥高家园311号,朝阳区,116.480737,39.978637,购物服务;超级市场;超市,全家
B0KA7U5TKP,全家营养生活超市(威尔夏大道店),北京西站南路辅路与茶马街交叉口西200米,丰台区,116.318803,39.879964,购物服务;购物相关场所;购物相关场所,全家
B0LR5P9DM0,全家爱超市(西站店),北京城区西站南路13号15号1幢1层101,丰台区,116.320692,39.886227,购物服务;超级市场;超市,全家
B0FFL6FOK9,全家爱便利店(惠新西街店),惠新西街33号惠新西街33号院,朝阳区,116.417131,39.978709,购物服务;便民商店/便利店;便民商店/便利店,全家
B0L1HAWWIR,全家爱超市(小瓦窑店),北京城区金弘商务写字楼地下一层,丰台区,116.246765,39.889938,购物服务;便民商店/便利店;便民商店/便利店|购物服务;超级市场;超市,全家
B0FFLKQSVC,全家爱便利店(马家堡店),角门北路15号,丰台区,116.375228,39.850850,购物服务;购物相关场所;购物相关场所,全家
B0LRM7YJPH,全家爱超市(旧宫庑殿路店),庑殿路与科技路交叉口南40米,大兴区,116.443595,39.807664,购物服务;便民商店/便利店;便民商店/便利店,全家
B0G3YAUWR8,全家爱超市(五里店店),五里店甲261号1层-01,丰台区,116.255140,39.859574,购物服务;超级市场;超市|购物服务;便民商店/便利店;便民商店/便利店,全家
B0J6NMEHEX,全家爱超市(黄村西里店),北京城区兴丰大街111号,大兴区,116.339174,39.735106,购物服务;便民商店/便利店;便民商店/便利店,全家
B0I16SX981,全家福超市(佰嘉城店),回南路9号佰嘉城,昌平区,116.312645,40.081531,购物服务;购物相关场所;购物相关场所,全家
B0FFF5HPQZ,全家福超市(狼垡东路店),黄村镇狼垡四村狼垡东路西100米爱佳公寓,大兴区,116.284996,39.785251,购物服务;便民商店/便利店;便民商店/便利店,全家
B0FFKT69TU,全家爱便利店(美立方店),双营路11号院美立方,朝阳区,116.418291,40.038000,购物服务;便民商店/便利店;便民商店/便利店,全家
B0FFH177CF,全家福超市,东辛店费家村崔各庄中医门诊对面,朝阳区,116.502249,40.010235,购物服务;便民商店/便利店;便民商店/便利店,全家
B0LD0RGYIP,全家福门业,永外大红门西马场甲14号集美家居市场62090,丰台区,116.390059,39.832780,购物服务;家居建材市场;建材五金市场,全家
B0JD556SA6,瑁恩·瑁爱全家棉品(西三旗万象汇店),建材城东路33号西三旗万象汇L4层L427,海淀区,116.365864,40.062056,购物服务;专卖店;儿童用品店,全家
B0FFF9OYAB,全家福便利超市(后桥村中路店),后桥村中路87号,顺义区,116.665353,40.064145,购物服务;便民商店/便利店;便民商店/便利店,全家
B000A7R7TK,张自口全家福超市,北晨路16号东北100米,怀柔区,116.685837,40.298699,购物服务;综合市场;农副产品市场|购物服务;超级市场;超市,全家
B0KGD7TT88,瑁恩·瑁爱全家棉品(亿潼隆万丰购物中心店),万丰路305号亿潼隆万丰购物中心3F层,丰台区,116.296748,39.873251,购物服务;专卖店;儿童用品店,全家
B0I26CK5IX,瑁恩瑁爱全家棉品(三旗百汇店),三旗百汇购物中心三层3b8-1,昌平区,116.343617,40.061815,购物服务;专卖店;儿童用品店,全家
B0JGXZZK80,瑁恩·瑁爱全家棉品(昌发展万科广场店),昌发展万科广场三层瑁恩瑁爱,昌平区,116.316375,40.066425,购物服务;专卖店;儿童用品店,全家
B0J6S72RFV,全家优选生活超市,庞各庄镇集体大饭店,大兴区,116.325510,39.644847,购物服务;购物相关场所;购物相关场所,全家
B0FFHHSLDS,全家乐彩综合商店,第一幼儿园北1门旁,延庆区,115.968491,40.458399,购物服务;便民商店/便利店;便民商店/便利店,全家
B0KG2HQ469,瑁恩·瑁爱全家棉品(锦荟港店),站前街3号院锦荟港购物中心F3层,顺义区,116.647298,40.126681,购物服务;专卖店;儿童用品店,全家
B0HKX5RXKR,全家营养健康生活超市,北京城区新贤家园62号楼底商,怀柔区,116.633892,40.325407,医疗保健服务;医药保健销售店;医疗保健用品,全家
B0IUCSTHJU,LAWSON罗森(合景摩方摩方M·CUBE店),崇文门外大街辅路与东打磨厂街交叉口西北40米崇文地铁站内(近G口),东城区,116.418159,39.899647,购物服务;便民商店/便利店;便民商店/便利店,罗森
B0FFHGQ4EE,LAWSON罗森(金融街中心店),金融大街9号楼地下一层-102单元,西城区,116.359503,39.919755,购物服务;便民商店/便利店;便民商店/便利店,罗森
B0FFFA6XB4,LAWSON罗森(好世界店),东三环北路38号院4号楼一层一层商业L110号,朝阳区,116.463567,39.921155,购物服务;便民商店/便利店;便民商店/便利店,罗森
B0FFK4SSDA,LAWSON罗森(紫金印象店),右安门内大街28号院5号楼一层108号,西城区,116.364575,39.872462,购物服务;便民商店/便利店;便民商店/便利店,罗森
B0FFG5334V,LAWSON罗森(首城国际店),广渠路36号院乙6号楼1至2层17内1层1819,朝阳区,116.469222,39.891106,购物服务;便民商店/便利店;便民商店/便利店,罗森
B0FFJ65R49,LAWSON罗森(泥洼地铁站店),丰管路5号院4号楼104室,丰台区,116.303397,39.858084,购物服务;便民商店/便利店;便民商店/便利店,罗森
B0FFFAHU7M,LAWSON罗森(月坛北街店),月坛北街甲1号1-15号房,西城区,116.355110,39.918661,购物服务;便民商店/便利店;便民商店/便利店,罗森
B0FFJKK2CO,LAWSON罗森(润枫·嘉尚店),朝阳北路129号院2号楼1层107-109号房屋,朝阳区,116.502737,39.923441,购物服务;便民商店/便利店;便民商店/便利店,罗森
B0FFGIQPEF,LAWSON罗森(海文大厦店),劲松南路1号1幢1层108号,朝阳区,116.460640,39.882192,购物服务;便民商店/便利店;便民商店/便利店,罗森
B0FFH0WV7K,LAWSON罗森(尚街购物中心店),甘露园南里25号院(三期)8号楼1层102-103号,朝阳区,116.516711,39.916866,购物服务;便民商店/便利店;便民商店/便利店,罗森
B0FFIQX423,LAWSON罗森(超市发甘家口店),甘家口路13号(甘家口地铁站A西北口步行500米),海淀区,116.331548,39.926850,购物服务;购物相关场所;购物相关场所,罗森
B0H1USVOOD,罗森便利店(蒲黄榆地铁站店),蒲黄榆路28号芳群园一区3号楼BC综合楼一层1-A9号,丰台区,116.422127,39.864331,购物服务;便民商店/便利店;便民商店/便利店,罗森
B0FFI9IUL8,LAWSON罗森(超市发羊坊店),北蜂窝路路西,海淀区,116.328675,39.900560,购物服务;便民商店/便利店;便民商店/便利店|购物服务;超级市场;超市,罗森
B0FFGCXQ7X,LAWSON罗森(华瀚商业中心店),紫南家园108号楼108-1,朝阳区,116.496556,39.876770,购物服务;便民商店/便利店;便民商店/便利店,罗森
B0H37CCTOI,LAWSON罗森(花园路小区店),花园路1号,海淀区,116.365390,39.981643,购物服务;便民商店/便利店;便民商店/便利店,罗森
B0K1O5ZGJB,LAWSON罗森(车道沟桥店),蓝靛厂南路21号车道沟地铁,海淀区,116.293884,39.947959,购物服务;便民商店/便利店;便民商店/便利店,罗森
B0GKU9N84Q,LAWSON罗森(京汇大厦店),建国路乙118号京汇大厦F1层,朝阳区,116.463348,39.906837,购物服务;便民商店/便利店;便民商店/便利店,罗森
B0HKXDQUCE,LAWSON罗森(光明大厦店),亮马桥路42号光明大厦F1层,朝阳区,116.469847,39.951540,购物服务;便民商店/便利店;便民商店/便利店,罗森
B0JKRH1IC6,LAWSON罗森(玲珑路辅路店),玲珑路6号慈寿寺站d口地下一层(慈寿寺地铁站D西南口旁),海淀区,116.294284,39.932743,购物服务;便民商店/便利店;便民商店/便利店,罗森
B0K11LQPPZ,LAWSON罗森(地铁纪家庙店),纪家庙路155号(纪家庙地铁站D西南口旁),丰台区,116.332841,39.844009,购物服务;便民商店/便利店;便民商店/便利店,罗森
B0FFIQE5WJ,LAWSON罗森(二七剧场路),沙龙宴酒店1层,西城区,116.346412,39.908904,购物服务;便民商店/便利店;便民商店/便利店,罗森
B0LUDA7BFD,LAWSON罗森(恒毅大厦店),安定路5号恒毅大厦地下一层,朝阳区,116.405875,39.980975,购物服务;购物相关场所;购物相关场所,罗森
B0JDJLNDFI,LAWSON罗森(福海公寓店),临泓路16号院1号楼113-114,丰台区,116.392713,39.844878,购物服务;便民商店/便利店;便民商店/便利店,罗森
B0FFJXQ8FA,LAWSON罗森(羊坊店东路店),复兴路12-1号(军事博物馆地铁站C2东南口旁),海淀区,116.324652,39.907031,购物服务;便民商店/便利店;便民商店/便利店,罗森
B0L19SH2QI,LAWSON罗森(地铁12号线三元桥站店),东三环北路辛2号楼,朝阳区,116.458886,39.961041,购物服务;购物相关场所;购物相关场所,罗森
B0FFIKGX92,LAWSON罗森(德胜国际中心店),德胜门外大街77号等6幢83号楼101室,西城区,116.378435,39.954810,购物服务;便民商店/便利店;便民商店/便利店,罗森
B0L64A4LSP,LAWSON罗森(朝阳站交通枢纽店),星火西路6号(朝阳站地铁站出入口步行120米),朝阳区,116.505899,39.944239,购物服务;购物相关场所;购物相关场所,罗森
B0FFM2EIR7,LAWSON罗森(亮马桥店),东三环北路5号1层105(亮马桥地铁站A西北口步行250米),朝阳区,116.460636,39.951285,购物服务;便民商店/便利店;便民商店/便利店,罗森
B0FFJCBTT2,LAWSON罗森(大泥湾店),学中关村南小区副食商店2号1层101,海淀区,116.324972,39.976852,购物服务;便民商店/便利店;便民商店/便利店,罗森
B0LA9PTSPU,LAWSON罗森(利星行中心二店),广顺南大街8号院3号楼1层101内G01内05AD座,朝阳区,116.476074,39.990475,购物服务;便民商店/便利店;便民商店/便利店,罗森
B0FFFH0AYS,LAWSON罗森(北投新奥购物中心店),天辰东路8-10-12号B5区域,朝阳区,116.392461,40.000081,购物服务;便民商店/便利店;便民商店/便利店,罗森
B0FFITHKOL,LAWSON罗森(双榆树店),北三环西路双榆树西里1号楼一层1001,海淀区,116.325382,39.967827,购物服务;便民商店/便利店;便民商店/便利店,罗森
B0FFHJ57OU,LAWSON罗森(鸿坤广场购物中心店),西红门欣旺北大街8号鸿坤广场购物中心F1层,大兴区,116.340592,39.792094,购物服务;便民商店/便利店;便民商店/便利店,罗森
B0K03Z43UJ,LAWSON罗森(丽泽平安金融中心店),丽泽路16号院丽泽平安金融中心F1层,丰台区,116.326312,39.865377,购物服务;便民商店/便利店;便民商店/便利店,罗森
B0J1L9T0UX,LAWSON罗森(抖音方恒广场店)(内部专用),北三环西路27号北京方恒中心F1层,海淀区,116.341662,39.968085,购物服务;便民商店/便利店;便民商店/便利店,罗森
B0L62UFMU8,LAWSON罗森(安华桥地铁店),北三环中路甲26号(安华桥地铁站F口旁),朝阳区,116.397814,39.968877,购物服务;购物相关场所;购物相关场所,罗森
B0GRKX6LJN,LAWSON罗森(奥林匹克森林公园店),科荟路33号奥林匹克森林公园北园(东侧),朝阳区,116.406125,40.031554,购物服务;便民商店/便利店;便民商店/便利店,罗森
B0FFHYS17N,LAWSON罗森(金源娱乐园店),火器营路1号院1号楼1层132号,海淀区,116.287757,39.966490,购物服务;便民商店/便利店;便民商店/便利店,罗森
B0H33BQHOG,LAWSON罗森(富驿时尚酒店店),北四环西路68号1层(万泉河桥地铁站C东南口步行310米),海淀区,116.304644,39.984092,购物服务;便民商店/便利店;便民商店/便利店,罗森
B0KR5DVZWR,LAWSON罗森(启阳路店),启阳路8号(望京东地铁站C东南口旁),朝阳区,116.486725,40.002450,购物服务;购物相关场所;购物相关场所,罗森
B0I12ZBSKL,LAWSON罗森(平安幸福汇店),幸福汇B1层B108店铺(东管头地铁站C口步行60米),丰台区,116.322140,39.867233,购物服务;便民商店/便利店;便民商店/便利店,罗森
B0FFK2AACX,LAWSON罗森(超市发学院路超罗店),成府路13号1幢1001号,海淀区,116.352217,39.993546,购物服务;便民商店/便利店;便民商店/便利店,罗森
B0K1OD1SMZ,LAWSON罗森(丰台科技园地铁站店),科技园地铁站B西南口,丰台区,116.297575,39.825875,购物服务;便民商店/便利店;便民商店/便利店,罗森
B0FFJCS5SN,LAWSON罗森(复兴路店),复兴路42号15号楼1层1001,海淀区,116.254823,39.906920,购物服务;便民商店/便利店;便民商店/便利店,罗森
B0H3DSP2F2,LAWSON罗森(东亚·望京中心店),望京园悠乐汇B区E座2309(阜通地铁站出入口步行200米),朝阳区,116.472773,39.992035,购物服务;便民商店/便利店;便民商店/便利店,罗森
B0JRSCOXDU,LAWSON罗森(郦城工作区店),四季青路8号郦城工作区F1层,海淀区,116.271718,39.953621,购物服务;便民商店/便利店;便民商店/便利店,罗森
B0JBYAR1WS,LAWSON罗森(中海大厦店),中海大厦CD座西侧,石景山区,116.177392,39.908752,购物服务;便民商店/便利店;便民商店/便利店,罗森
B0FFI9JUPI,LAWSON罗森(超市发万柳店),万泉河路93号5号平房,海淀区,116.306741,39.968271,购物服务;便民商店/便利店;便民商店/便利店,罗森
B0G1H5MIBU,LAWSON罗森(梵石中心店),泰客空间G区南门旁,朝阳区,116.532025,39.905458,购物服务;便民商店/便利店;便民商店/便利店,罗森
B0HDZR0EX8,LAWSON罗森(创而新大厦店),万泉庄路15号创而新大厦F1层,海淀区,116.300562,39.968652,购物服务;便民商店/便利店;便民商店/便利店,罗森
B0FFHWHOPI,LAWSON罗森(亦城国际中心店)(暂停营业),亦庄经济开发区荣华中路富兴国际中心2号楼,大兴区,116.503342,39.802779,购物服务;便民商店/便利店;便民商店/便利店,罗森
B0FFM18Q8K,罗森便利店(超市发岭南路店),马神庙1号核工业部二院院内1号楼1层101号,海淀区,116.305853,39.927897,购物服务;便民商店/便利店;便民商店/便利店,罗森
B0FFI8LYS7,LAWSON罗森(木荷路华为园区店),木荷路19号院2号楼1层,海淀区,116.182802,40.054716,购物服务;便民商店/便利店;便民商店/便利店,罗森
B0JG6CPJFY,LAWSON罗森(西长安中骏世界城店),新城东街8号院1号楼1层1012号,门头沟区,116.124017,39.911689,购物服务;便民商店/便利店;便民商店/便利店,罗森
B0K11RU89Q,LAWSON罗森(平安里地铁站),平安里地铁站内,西城区,116.369391,39.932762,购物服务;购物相关场所;购物相关场所,罗森
B0JG5S1JTG,LAWSON罗森(北苑店),红军营东路甲8号鸿懋商务大厦F1层,朝阳区,116.437411,40.025993,购物服务;便民商店/便利店;便民商店/便利店,罗森
B0FFKRN1TY,LAWSON罗森(丰科中心店),汽车博物馆东路2号院丰科中心F18层,丰台区,116.303715,39.829056,购物服务;便民商店/便利店;便民商店/便利店,罗森
B0FFIACM4G,LAWSON罗森(亦庄永康公寓北侧店),康定街18号1号楼1层101-A号,通州区,116.538769,39.772020,购物服务;便民商店/便利店;便民商店/便利店,罗森
B0FFIYA7PG,LAWSON罗森(实创创新孵化中心店),上地信息路19-3号,海淀区,116.312289,40.030725,购物服务;便民商店/便利店;便民商店/便利店,罗森
B0FFG7I1DP,LAWSON罗森(汉威国际广场店),南四环西路186号四区地下高新技术产业配套综合B1层4B-17及4B-16A,丰台区,116.294907,39.821590,购物服务;便民商店/便利店;便民商店/便利店,罗森
B0L33ZA0AT,LAWSON罗森(潘家园地铁),潘家园地铁站内a口闸机,朝阳区,116.460447,39.876716,购物服务;便民商店/便利店;便民商店/便利店,罗森
B0L244NSW9,LAWSON罗森(望京西地铁站店),姜庄路与湖光桥交叉口西南120米(望京西地铁站D西北出口旁),朝阳区,116.448912,39.995692,购物服务;购物相关场所;购物相关场所,罗森
B0K1XC9NIQ,LAWSON罗森(草房地铁店),常营南路102号(草房地铁站A西北口旁),朝阳区,116.615190,39.924688,购物服务;便民商店/便利店;便民商店/便利店,罗森
B0FFIYJ7AK,LAWSON罗森(天通尾货店),天通西苑三区18号楼1至三层01F1-001-01,昌平区,116.408740,40.074526,购物服务;便民商店/便利店;便民商店/便利店,罗森
B0L2XCXEM5,LAWSONG罗森(地铁团结湖站店),工人体育场北路2号楼,朝阳区,116.460161,39.933581,购物服务;便民商店/便利店;便民商店/便利店,罗森
B0FFLKIT2X,LAWSON罗森(浦项中心店),浦项中心A座B1层,朝阳区,116.489146,39.999061,购物服务;便民商店/便利店;便民商店/便利店,罗森
B0FFGDRHFL,LAWSON罗森(管庄新天地店),朝阳路5号院19号楼一层101部分,朝阳区,116.605889,39.913591,购物服务;便民商店/便利店;便民商店/便利店,罗森
B0G1FZN8W6,LAWSON罗森(中关村壹号商业街店),北清路81号院二区1号楼1层101-1室,海淀区,116.246179,40.075597,购物服务;便民商店/便利店;便民商店/便利店,罗森
B0FFIQUN75,LAWSON罗森(用友产业园东区店),永丰路9号院21号楼1层101-17室,海淀区,116.245108,40.068911,购物服务;便民商店/便利店;便民商店/便利店,罗森
B0FFHMR7YW,LAWSON罗森(小天竺路店),小天竺路3号一层102(首都机场内),朝阳区,116.591282,40.048519,购物服务;便民商店/便利店;便民商店/便利店,罗森
B0L22502LI,LAWSON罗森(地铁东坝站店),东坝中街60号东坝地铁C口,朝阳区,116.547976,39.965471,购物服务;购物相关场所;购物相关场所,罗森
B0HBAHNBRC,LAWSON罗森(东亚·望京中心店),广顺南大街8号院1号楼-1层(-1)-116A,朝阳区,116.473475,39.991225,购物服务;便民商店/便利店;便民商店/便利店,罗森
B0I3J6ZPJT,LAWSON罗森(大兴国际氢能示范A区店),丰远街9号院4号楼一层102室,大兴区,116.356281,39.673093,购物服务;便民商店/便利店;便民商店/便利店,罗森
B0FFIWISFX,LAWSON罗森(恒通国际创新园店),酒仙桥北路9号(厂区)14幢B-102,朝阳区,116.493182,39.989636,购物服务;便民商店/便利店;便民商店/便利店,罗森
B0L6TBIC1L,LAWSON罗森(鼎好DH3大厦店),鼎好DH3大厦A座(中关村地铁站D西南口步行200米),海淀区,116.314425,39.984475,购物服务;便民商店/便利店;便民商店/便利店,罗森
B0FFKU6L8P,LAWSON罗森(大兴星牌共享际店),兴业大街三段26号1至5层1001门市,大兴区,116.324870,39.738540,购物服务;便民商店/便利店;便民商店/便利店,罗森
B0LGHMNW97,LAWSON罗森(北京新天地3期店),朝阳路与东十里堡路交叉口东南60米,朝阳区,116.605869,39.913662,购物服务;便民商店/便利店;便民商店/便利店,罗森
B0FFKYGC3P,罗森便利店(北京首都国际机场店),二纬路3号北京首都国际机场T3-C航站楼3F层,顺义区,116.615982,40.056179,购物服务;便民商店/便利店;便民商店/便利店,罗森
B0FFHJ5FV5,LAWSON罗森(海淀杏石口路店),西杉创意园一区5号楼1层101商铺东侧部分,海淀区,116.229196,39.953591,购物服务;便民商店/便利店;便民商店/便利店,罗森
B0K1OU4RQA,LAWSON罗森(北京地铁六里桥站店),西局西路58-26号(六里桥地铁站E东南口旁),丰台区,116.303238,39.879001,购物服务;购物相关场所;购物相关场所,罗森
B0HKDCZ2DT,LAWSON罗森(强佑·清河新城西区店),清河嘉园西区1号楼1层102-10,海淀区,116.345256,40.030102,购物服务;便民商店/便利店;便民商店/便利店,罗森
B0KGHD1Y8G,LAWSON罗森(新光大中心artpark大融城店),新光大中心artpark大融城,通州区,116.660022,39.916041,购物服务;购物相关场所;购物相关场所,罗森
B0FFKSCVIC,LAWSON罗森(金辉大厦店),崔各庄乡大望京村2号商业金融618-3号楼B1层102,朝阳区,116.488715,40.002869,购物服务;便民商店/便利店;便民商店/便利店,罗森
B0L6751LQS,LAWSON罗森(长楹天街购物中心店),龙湖长楹天街商业楼东区B2层01(常营地铁站出入口旁),朝阳区,116.600549,39.925041,购物服务;便民商店/便利店;便民商店/便利店,罗森
B0G04N545N,LAWSON罗森(未来中心店),未来科学城英才南一街3号院1号楼地上一层102单元,昌平区,116.478603,40.116394,购物服务;便民商店/便利店;便民商店/便利店,罗森
B0FFKT46DQ,LAWSON罗森(联想总部店),西北旺东路十号院联想大厦F1层,海淀区,116.271409,40.048099,购物服务;便民商店/便利店;便民商店/便利店,罗森
B0FFIKJBNA,LAWSON罗森(互联网创新中心店),西北旺东路10号院东区5号楼-1层B106-1,海淀区,116.280239,40.048059,购物服务;便民商店/便利店;便民商店/便利店,罗森
B0ID6GUUG7,LAWSON罗森(永泰生活服务中心店),永泰庄北路与后屯路交叉口东北60米,海淀区,116.355407,40.037314,购物服务;便民商店/便利店;便民商店/便利店,罗森
B0K1OD3XEG,LAWSON罗森(郭公庄地铁站店),六圈南路20号院(郭公庄地铁站A西北口步行110米),丰台区,116.301671,39.814517,购物服务;便民商店/便利店;便民商店/便利店,罗森
B0G399SQ6F,罗森(北京首都国际机场店),二纬路3号北京首都国际机场T3-C航站楼4F层,顺义区,116.615981,40.056007,购物服务;便民商店/便利店;便民商店/便利店,罗森
B0FFKS9P8O,LAWSON罗森(联想三标大厦店),创业路8号1号楼1-1-301,海淀区,116.311568,40.040271,购物服务;便民商店/便利店;便民商店/便利店,罗森
B0FFHWHIPS,LAWSON罗森(潞河名苑店),四员厅街36号6号楼F单元102号,通州区,116.659138,39.901922,购物服务;便民商店/便利店;便民商店/便利店,罗森
B0JKJNJ2T8,LAWSON罗森(北京长安天街店),新城东街17号院2号楼1层102-2-4,门头沟区,116.123395,39.904784,购物服务;便民商店/便利店;便民商店/便利店,罗森
B0K1O7S0IG,LAWSON罗森(望京西地铁店),北京城区望京西路15号线望京西地铁站C东北口步行160米,朝阳区,116.450771,39.996122,购物服务;便民商店/便利店;便民商店/便利店,罗森
B0I30MLG9Z,LAWSON罗森(航天城社区西区店),友谊路102号航天城社区西区,海淀区,116.268901,40.078948,购物服务;便民商店/便利店;便民商店/便利店,罗森
B0K2DAH6DQ,LAWSON罗森(辉煌国际广场店),上地西路6号海国瑞业科技园,海淀区,116.299251,40.053184,购物服务;购物相关场所;购物相关场所,罗森
B0FFLI03JO,LAWSON罗森(科技财富中心店)(暂停营业),学清路8号1号楼1层A102A,海淀区,116.353506,40.015771,购物服务;便民商店/便利店;便民商店/便利店,罗森
B0L3ASTZ9M,罗森,单店砖厂家属住宅楼,朝阳区,116.536625,39.960975,购物服务;便民商店/便利店;便民商店/便利店,罗森
B0FFKU71V2,LAWSON罗森(网易大楼店),西北旺东路10号院中关村软件园西区7号楼C座1层A区,海淀区,116.276443,40.042538,购物服务;便民商店/便利店;便民商店/便利店,罗森
B0K2B5BTDP,LAWSON罗森(中关村东升科技园店),西小口路与后屯东路交叉口东南300米,海淀区,116.357008,40.046857,购物服务;便民商店/便利店;便民商店/便利店,罗森
B0FFKSZPVJ,LAWSON罗森(华夏幸福创新中心店)(暂停营业),汽车博物馆西路8号院1号楼1层106+107,丰台区,116.301140,39.823936,购物服务;便民商店/便利店;便民商店/便利店,罗森
B0HGOZVK5W,罗森(京东大厦店),科创十一街18号院京东集团全球总部北京1号园区B4层,通州区,116.562515,39.787338,购物服务;便民商店/便利店;便民商店/便利店,罗森
B0JDFCXJGI,LAWSON罗森(融科资讯中心店),中关村街道科学院南路2号融科资讯中心C座地下一层,海淀区,116.326048,39.983487,购物服务;便民商店/便利店;便民商店/便利店,罗森
B0IUKUY5E4,LAWSON罗森(北京首都国际机场店),首都国际机场中心广场东侧北京首都国际机场T3-D航站楼F2层,顺义区,116.612883,40.067474,购物服务;便民商店/便利店;便民商店/便利店,罗森
B0LAO7PBTG,LAWSON罗森(北京金融科技学院店),宋庄镇宋庄南路甲1号3号楼1层103室,通州区,116.732284,39.936907,购物服务;便民商店/便利店;便民商店/便利店,罗森
B0L3HLBNZE,LAWSON,丰智东路与永丰路交叉口东60米,海淀区,116.249132,40.065857,购物服务;便民商店/便利店;便民商店/便利店,罗森
B0L6LS6ZN2,罗森(祥云小镇店),安泰大街6号,顺义区,116.537973,40.088216,购物服务;购物相关场所;购物相关场所,罗森
B0FFHHUBJT,LAWSON罗森(国泰良辰百货店),拱辰南大街7号院1号楼1层1-6,房山区,116.141702,39.729032,购物服务;便民商店/便利店;便民商店/便利店,罗森
B0FFMA91IJ,LAWSON罗森(科技经营管理学院店)(暂停营业),北京科技经营管理学院东南门旁,昌平区,116.289550,40.145255,购物服务;便民商店/便利店;便民商店/便利店,罗森
B0L19DGH3I,LAWSON罗森(地铁12号线驼房营站店),酒仙桥北路甲12号地铁A口,朝阳区,116.505631,39.980340,购物服务;购物相关场所;购物相关场所,罗森
B0FFHFPE0Z,LAWSON罗森(房山城关店),城关南大街51号国盛电器1层,房山区,115.984066,39.699718,购物服务;便民商店/便利店;便民商店/便利店,罗森
B0FFHSDFOU,LAWSON罗森(绿城百合店),阎村镇绿城百合公寓1号底商1层07B-1,房山区,116.073795,39.711917,购物服务;便民商店/便利店;便民商店/便利店,罗森
B0I3F7Q3GH,超市发罗森(太舟坞店),中关村创客小镇南门东140米,海淀区,116.202707,40.049698,购物服务;便民商店/便利店;便民商店/便利店,罗森
B0JGCUL4UP,LAWSON罗森(北京怀柔雁栖国际社区店),雁栖河东路18号院5号楼5-2室(乐园大街北侧雁栖国际社区旁),怀柔区,116.674628,40.348890,购物服务;便民商店/便利店;便民商店/便利店,罗森
B0FFID6A2H,LAWSON罗森(燕山院区北京燕化医院店),迎风街15号北京燕化医院,房山区,115.951454,39.727605,购物服务;便民商店/便利店;便民商店/便利店,罗森
B0GKHU1RIJ,LAWSON罗森(在东航基地-B4后勤楼店),礼贤镇苑景东一路东方航空公司核心区B4一层,大兴区,116.416248,39.527849,购物服务;便民商店/便利店;便民商店/便利店,罗森
B0IRJCNX0X,超市发罗森便利店,西北旺镇永旺家园小区二区(永丰南地铁站C东南口步行170米),海淀区,116.249280,40.065768,购物服务;便民商店/便利店;便民商店/便利店,罗森
B0IUPHYUV3,LAWSON罗森(政府街店),政府街14号昌平地铁站C口里,昌平区,116.234701,40.220903,购物服务;便民商店/便利店;便民商店/便利店,罗森
B0L6LA6XTS,罗森(北京怀柔科学城城市客厅店),永乐北一街3号院7号楼一层101室,怀柔区,116.696244,40.375613,购物服务;购物相关场所;购物相关场所,罗森
B0H6GUZA55,LAWSON罗森(北安河店),苏家坨镇北清路安河家园九里13号楼1层9,海淀区,116.130275,40.068633,购物服务;便民商店/便利店;便民商店/便利店,罗森
B0L31ZV21U,LAWSON罗森(新开街店),平谷镇新开街26-12号,平谷区,117.114740,40.142173,购物服务;便民商店/便利店;便民商店/便利店,罗森
B0LUPS09WP,罗森(环球新意百货店),延庆镇妫水北街39号1幢一层505-03B号,延庆区,115.975039,40.461825,购物服务;便民商店/便利店;便民商店/便利店,罗森
B0L1XGQTON,LAWSON朝阳高铁站店,辛庄二街与朝阳站西路交叉口东320米,朝阳区,116.507975,39.944325,购物服务;购物相关场所;购物相关场所,罗森
B0JRMOEWN1,LAWSON罗森(二店),古北水镇西南门旁,密云区,117.268954,40.645843,购物服务;便民商店/便利店;便民商店/便利店,罗森
B0J2VUELFM,空港捷瑞罗森北京共配中心,天纬四街与天柱路交叉口东南260米,顺义区,116.564798,40.069722,汽车服务;汽车服务相关;汽车服务相关,罗森
