id,name,address,district,lng,lat,type,tel,source,crawl_time
B0JAFMMJ9R,魅KTV(西单店),西单北大街109号三层(灵境胡同地铁站D西南口步行280米),西城区,116.373090,39.913888,体育休闲服务;娱乐场所;KTV,,高德地图,2026-02-06 09:34:50
B0FFIWODFD,唱吧麦颂量贩KTV(西单店),西单北大街130号华威潮铺街5层,西城区,116.374545,39.911608,体育休闲服务;娱乐场所;KTV,,高德地图,2026-02-06 09:34:50
B0KAJR6OX4,麦乐迪KTV(月坛店),月坛北街2号地下一层及东配楼二层局部,西城区,116.354390,39.918147,体育休闲服务;娱乐场所;KTV|餐饮服务;中餐厅;中餐厅,,高德地图,2026-02-06 09:34:50
B000A8UPU2,金麦圣量贩KTV,广安门内大街6枫桦豪景(菜市口地铁站D西南口步行270米),西城区,116.371785,39.888665,体育休闲服务;娱乐场所;KTV,,高德地图,2026-02-06 09:34:50
B0LDO713CF,MICUP KTV(肥桃生活广场店),首都体育馆南路9号 肥桃生活广场负一层,海淀区,116.324611,39.934159,体育休闲服务;娱乐场所;KTV,,高德地图,2026-02-06 09:34:50
B0L3H79YJY,咏歌汇量贩式KTV(北京西站店),美里食光商场(北京西站地铁站1东北入口步行370米),海淀区,116.322825,39.897475,体育休闲服务;娱乐场所;KTV,,高德地图,2026-02-06 09:34:50
B000A9KYA6,魅KTV(王府井步行街店),王府井大街253号五层001,东城区,116.410471,39.914313,体育休闲服务;娱乐场所;KTV,,高德地图,2026-02-06 09:34:50
B0H251P498,M-ONE KTV(合景摩方购物中心店),崇文门外大街1号楼合景魔方购物中心4层,东城区,116.417825,39.899656,体育休闲服务;娱乐场所;KTV,,高德地图,2026-02-06 09:34:50
B0JK3RAH8P,麦K量贩式KTV,马连道东街15号院一号楼商业B1层,西城区,116.331851,39.884419,体育休闲服务;娱乐场所;KTV,,高德地图,2026-02-06 09:34:50
B000A83ZNC,温莎KTV(花园店),北京城区西三环北路87号国际财经中心B1层,海淀区,116.309539,39.934921,体育休闲服务;娱乐场所;KTV,,高德地图,2026-02-06 09:34:50
B0G26LNALZ,39度量贩KTV(广安路9号院10号楼店),广安路9号院10号楼B1层1216-01,丰台区,116.323439,39.890648,体育休闲服务;娱乐场所;KTV,,高德地图,2026-02-06 09:34:50
B0KDDHAETL,唱吧麦颂KTV(甘家口大厦店),北京城区三里河路17号5层504,海淀区,116.333490,39.927264,体育休闲服务;娱乐场所;KTV,,高德地图,2026-02-06 09:34:50
B000A85I3G,麦乐迪KTV(安定门店),安定门外大街198号一二层,东城区,116.408725,39.953775,体育休闲服务;娱乐场所;KTV,,高德地图,2026-02-06 09:34:50
B0L3M1P7IQ,酷秀KTV·派对(陶然桥店),北京城区永定门外街道彭庄甲58号陶然桥西南角,东城区,116.387086,39.870196,体育休闲服务;娱乐场所;KTV,,高德地图,2026-02-06 09:34:50
B000AA0HHZ,纯K(工体店),北京城区工人体育场西路6号(工人体育场西门南侧200米),朝阳区,116.444276,39.929376,体育休闲服务;娱乐场所;KTV,,高德地图,2026-02-06 09:34:50
B0J2OUK9T9,蓝调量贩式主题KTV(北京站店),毛家湾胡同4号(北京站地铁站C东南出口步行260米),东城区,116.430701,39.904396,体育休闲服务;体育休闲服务场所;体育休闲服务场所,,高德地图,2026-02-06 09:34:50
B0FFITL2XU,魅KTV(簋街店),东直门内大街9号NAGA上院南门,东城区,116.427671,39.941261,体育休闲服务;娱乐场所;KTV,,高德地图,2026-02-06 09:34:50
B0HRA7M8S5,唱吧麦颂KTV(新华百货店),新华百货6层(积水潭地铁站G1口步行130米),西城区,116.371272,39.947123,体育休闲服务;娱乐场所;KTV,,高德地图,2026-02-06 09:34:50
B0LU17DDAR,星聚会KTV(北京THE BOX年轻力店),北京城区朝外大街12号THEBOX朝外年轻力中心3层01室,朝阳区,116.445099,39.922966,体育休闲服务;娱乐场所;KTV,,高德地图,2026-02-06 09:34:50
B0LDJ7X9KB,酷秀KTV·派对(城乡店),北京城区复兴路甲23号城乡购物中心5层,海淀区,116.307857,39.909334,体育休闲服务;娱乐场所;KTV,,高德地图,2026-02-06 09:34:50
B0G0SU1RMS,温莎KTV(CBD世界城店),金汇路中骏世界城D座B1-06,朝阳区,116.451876,39.917594,体育休闲服务;娱乐场所;KTV,,高德地图,2026-02-06 09:34:50
B0JBM1XELR,乐巢量贩式KTV(万达广场西铁营店),西铁营中路1号万达广场(西铁营店)2F层,丰台区,116.354930,39.860636,体育休闲服务;娱乐场所;KTV,,高德地图,2026-02-06 09:34:50
B0L67SWDKH,魅KTV·AI辅唱(公主坟翠微店),复兴路33号翠微百货A座5F层,海淀区,116.303043,39.908300,体育休闲服务;娱乐场所;KTV,,高德地图,2026-02-06 09:34:50
B0FFG73BL3,唱吧麦颂KTV(北京西直门枫蓝国际店),北京城区西直门北大街32号枫蓝国际购物中,海淀区,116.357232,39.952561,体育休闲服务;娱乐场所;KTV,,高德地图,2026-02-06 09:34:50
B0L3M1P0B7,酷秀KTV·派对(大峡谷店),南三环西路16号凯德MALL·大峡谷F5层,丰台区,116.366335,39.854256,体育休闲服务;娱乐场所;KTV,,高德地图,2026-02-06 09:34:50
B000A8UDSX,星光大道量贩式KTV(亦庄店),荣华中路11号锦江富园大酒店B1层,大兴区,116.503917,39.799336,体育休闲服务;娱乐场所;KTV,,高德地图,2026-02-06 09:34:50
B0FFFW5DTX,桃屋量贩KTV,王庄路18号五道口西郊宾馆8号楼2层,海淀区,116.343880,39.997618,体育休闲服务;娱乐场所;KTV,,高德地图,2026-02-06 09:34:51
B0FFFZCDHD,温莎KTV(北京国贸店),建国门外大街甲6号华熙国际中心C座B1层,朝阳区,116.456884,39.907086,体育休闲服务;娱乐场所;KTV,,高德地图,2026-02-06 09:34:51
B0IAVBBL3C,麦乐迪KTV(富力城店),东三环中路61号地下一层,朝阳区,116.460964,39.898731,体育休闲服务;娱乐场所;KTV,,高德地图,2026-02-06 09:34:51
B0L3PUGHPG,唱吧麦颂KTV(东环广场店),北京城区东中街九号东环广场A座b1,东城区,116.436160,39.937828,体育休闲服务;娱乐场所;KTV,,高德地图,2026-02-06 09:34:51
B000A87GMW,唱吧麦颂KTV(北京牡丹园店),北京城区花园东路11号泰兴大厦F108F208,海淀区,116.367685,39.980238,体育休闲服务;娱乐场所;KTV,,高德地图,2026-02-06 09:34:51
B0ID0UKUXF,魅KTV(国贸呼家楼店),东三环北路38号院4号楼2层商业L201号(麦当劳旁商场西门入口),朝阳区,116.463268,39.921691,体育休闲服务;娱乐场所;KTV,,高德地图,2026-02-06 09:34:51
B0J29S455D,魅KTV(五棵松万达店),复兴路69号3号楼4层403,海淀区,116.276480,39.912173,体育休闲服务;娱乐场所;KTV,,高德地图,2026-02-06 09:34:51
B0L3M1P7IW,酷秀KTV(亦庄华联店),北京城区荣华街道北京经济技术开发区荣华中路8号院1号楼华联BHGMall4层F4-08,大兴区,116.501401,39.804712,体育休闲服务;娱乐场所;KTV,,高德地图,2026-02-06 09:34:51
B0L17A8AVE,星聚会KTV(北京超极合生汇店),北京城区北清路1号院15号楼地上2层10-L2-01,昌平区,116.293007,40.098309,体育休闲服务;娱乐场所;KTV,,高德地图,2026-02-06 09:34:51
B0FFJKJ5HS,魅KTV(方庄店),方庄镇蒲芳路1-6方庄方城园美食街比格比萨地下室,丰台区,116.436567,39.866249,体育休闲服务;娱乐场所;KTV,,高德地图,2026-02-06 09:34:51
B0L3M1OSLY,酷秀KTV·派对店(上地店),上地街道农大南路1号院1号华联商厦3A,海淀区,116.311744,40.028246,体育休闲服务;娱乐场所;KTV,,高德地图,2026-02-06 09:34:51
B0FFHGYWBK,唱吧麦颂KTV(东四北大街店),北京城区东四北大街343号3层,东城区,116.417110,39.928466,体育休闲服务;娱乐场所;KTV,,高德地图,2026-02-06 09:34:51
B0K2BREV2J,酷秀KTV.派对(万柳店),北京城区巴沟路2号1幢05层501,海淀区,116.294937,39.972946,体育休闲服务;娱乐场所;KTV,,高德地图,2026-02-06 09:34:51
B0FFLLW4HJ,唱吧麦颂KTV(中心鸟巢店),北京城区慧忠北里-214号楼3层,朝阳区,116.403693,40.005383,体育休闲服务;娱乐场所;KTV,,高德地图,2026-02-06 09:34:51
B0K6RHE12G,钱柜·PRTYWORLD(亚奥店),慧忠北里214号楼1层1003室-1层地下室101室,朝阳区,116.403718,40.005365,体育休闲服务;娱乐场所;KTV|体育休闲服务;运动场馆;健身中心,,高德地图,2026-02-06 09:34:52
B0FFI0NTQ8,纯K(国贸店),建国门外大街1号国贸商城3期北区裙楼四层,朝阳区,116.460797,39.911343,体育休闲服务;娱乐场所;KTV,,高德地图,2026-02-06 09:34:52
B0JALCBE3E,星聚会KTV(北京龙湖北苑天街店),北苑东路龙湖北苑天街B馆6F(北苑地铁站A2口步行420米),朝阳区,116.438772,40.042799,体育休闲服务;娱乐场所;KTV,,高德地图,2026-02-06 09:34:52
B0FFIUDLF1,唱吧麦颂KTV(驼房营路店),北京城区酒仙桥驼房营西里甲6号楼一层105室,朝阳区,116.503583,39.964807,体育休闲服务;娱乐场所;KTV,,高德地图,2026-02-06 09:34:52
B0JGOU08XQ,纯K(望京店),北京城区望京东园四区3号楼嘉瑞文化中心B1层(望京阿里对面),朝阳区,116.490263,40.001221,体育休闲服务;娱乐场所;KTV,,高德地图,2026-02-06 09:34:52
B0LGGDW15S,魅KTV(朝阳大悦城),朝阳北路101号朝阳大悦城9F层9F-08,朝阳区,116.518913,39.923987,体育休闲服务;娱乐场所;KTV,,高德地图,2026-02-06 09:34:52
B0FFJ8KZ6I,唱吧麦颂KTV(姚家园活力东方店),北京城区姚家园路甲1号活力东方购物广场一层西馆唱吧麦颂,朝阳区,116.521174,39.940288,体育休闲服务;娱乐场所;娱乐场所,,高德地图,2026-02-06 09:34:52
B0L0GZ2J45,星聚会KTV(北京远洋未来汇店),八里庄街道慈云寺北里209号楼层301、303、304、305、307部分,朝阳区,116.492312,39.916153,体育休闲服务;娱乐场所;KTV,,高德地图,2026-02-06 09:34:52
B0JUYAMN83,AM8ER音乐餐吧(尚都国际中心店),北京城区中国东大桥路甲8号,朝阳区,116.451194,39.919723,体育休闲服务;娱乐场所;KTV,,高德地图,2026-02-06 09:34:52
B0L2AH1SHJ,星聚会KTV(北京朝阳公园棕榈泉店),北京城区朝阳公园南路8号院14号02层02号H301,朝阳区,116.478815,39.932248,体育休闲服务;娱乐场所;KTV,,高德地图,2026-02-06 09:34:52
B0L6N53EYB,唱吧麦颂KTV(常营华联店),北京城区朝阳北路17号楼,朝阳区,116.596186,39.926212,体育休闲服务;娱乐场所;KTV,,高德地图,2026-02-06 09:34:52
B0G0DH9652,金仕达KTV,北京城区磨房北里二区222号2层,朝阳区,116.471382,39.881777,体育休闲服务;娱乐场所;KTV,,高德地图,2026-02-06 09:34:52
B0FFM1H69Z,魅KTV(新辰里购物中心亚运村店),北辰东路8号院新辰里购物中心B1九本居酒屋旁,朝阳区,116.406622,39.991735,体育休闲服务;娱乐场所;KTV,,高德地图,2026-02-06 09:34:52
B0K3HL5DYU,星聚会KTV(北京姚家园万象汇店),北京城区青年北路35号院1号楼2层L203、L204、L205,朝阳区,116.516015,39.941242,体育休闲服务;娱乐场所;KTV,,高德地图,2026-02-06 09:34:52
B000A9ETAQ,音畔量贩KTV(铭泽生活广场店),周庄嘉园32号,朝阳区,116.476838,39.864448,体育休闲服务;娱乐场所;KTV,,高德地图,2026-02-06 09:34:52
B0FFIC8MF5,唱吧麦颂KTV(草房店),常营丽景园6号楼-1层-110,朝阳区,116.612160,39.924342,体育休闲服务;娱乐场所;KTV,,高德地图,2026-02-06 09:34:52
B0FFIC6T69,唱吧麦颂KTV(三元桥店),曙光西里街甲6号院9号楼1至2层,朝阳区,116.448836,39.964038,体育休闲服务;娱乐场所;KTV,,高德地图,2026-02-06 09:34:52
B0LB4SDXUW,唱吧麦颂KTV(双合地铁站店),垡头街道双合北街10号楼合憬荟购物中心,朝阳区,116.526842,39.858845,体育休闲服务;娱乐场所;KTV,,高德地图,2026-02-06 09:34:52
B0LR75I7QN,唱吧麦颂KTV(来广营地铁站店),北京城区来广营西路2号院3号楼101内2层,朝阳区,116.464966,40.020371,体育休闲服务;娱乐场所;KTV,,高德地图,2026-02-06 09:34:52
B0FFIKJNC8,星聚会KTV(合生汇店),北京城区西大望路甲22号院1号楼商业部分6层01/02B号,朝阳区,116.478129,39.894270,体育休闲服务;娱乐场所;KTV,,高德地图,2026-02-06 09:34:52
B0H17S6BV1,同乐迪音乐火锅(望京南湖店),望京南湖街道南湖中园211号楼3层,朝阳区,116.461629,40.000637,餐饮服务;中餐厅;火锅店,,高德地图,2026-02-06 09:34:52
B0FFGY8QP3,唱吧麦颂KTV(佰隆大厦店),黄寺大街路15号佰隆大厦2层,朝阳区,116.388577,39.963499,体育休闲服务;娱乐场所;KTV,,高德地图,2026-02-06 09:34:52
B0L3MUJPPX,酷秀KTV(富力城店),东三环中路65号北京富力广场F8层,朝阳区,116.460629,39.895483,体育休闲服务;娱乐场所;KTV,,高德地图,2026-02-06 09:34:52
B0L64C13FW,唱吧麦颂KTV(三里屯店),北京城区工人体育场北路甲6号楼3层301等,朝阳区,116.456435,39.932640,体育休闲服务;娱乐场所;KTV,,高德地图,2026-02-06 09:34:52
B0JK9CFHED,π對星·派对KTV(国奥店),北京城区林萃西里16号2层F2-13,朝阳区,116.372123,40.009992,体育休闲服务;娱乐场所;KTV,,高德地图,2026-02-06 09:34:52
B0L3HRAWYM,METAK·元宇宙KTV,北京城区工人体育场北路8号院1号楼3层,朝阳区,116.452937,39.933128,体育休闲服务;娱乐场所;KTV|公司企业;公司企业;公司企业|汽车销售;汽车销售;汽车销售,,高德地图,2026-02-06 09:34:52
B0L3M7MHVU,酷秀KTV(北京贵友店),北京城区建国门外大街甲5号贵友大厦5层,朝阳区,116.451070,39.909089,体育休闲服务;娱乐场所;KTV,,高德地图,2026-02-06 09:34:52
B0L6PUDB73,唱吧麦颂KTV(世纪财富中心店),北京城区光华路5号院世纪财富中心B1,朝阳区,116.457098,39.914356,体育休闲服务;娱乐场所;KTV,,高德地图,2026-02-06 09:34:52
B0I6HC4JW8,M-ONE PARTY KTV(三里屯太古里西区店),工体北路58号6层(工人体育场地铁站D口步行200米),朝阳区,116.453075,39.934725,体育休闲服务;娱乐场所;酒吧|体育休闲服务;娱乐场所;KTV,,高德地图,2026-02-06 09:34:52
B0K0OCNU19,阿尔法KTV(北投新奥购物中心店),湖景东路9号北投新奥购物中心H1层,朝阳区,116.393970,40.001620,体育休闲服务;娱乐场所;KTV,,高德地图,2026-02-06 09:34:52
B0L1F7ZDAU,星聚会KTV(X Party北京SKP店),八里庄街道建国路89号院17号楼1-B1层,朝阳区,116.482051,39.911138,生活服务;生活服务场所;生活服务场所,,高德地图,2026-02-06 09:34:52
B0JKZUNEWX,魅KTV(北京朝阳世贸天阶店),光华路9号天阶大厦五楼,朝阳区,116.453102,39.916061,体育休闲服务;体育休闲服务场所;体育休闲服务场所,,高德地图,2026-02-06 09:34:52
B0L37MLG2L,酷秀KTV·派对(立水桥店 ),北京城区立水桥北路水景花园46号楼-01层,朝阳区,116.416149,40.056057,体育休闲服务;娱乐场所;KTV,,高德地图,2026-02-06 09:34:52
B0FFIP78GX,唱吧麦颂KTV(百子湾店),北京城区东四环中路78号大成国际A1座,朝阳区,116.491414,39.899479,体育休闲服务;娱乐场所;KTV,,高德地图,2026-02-06 09:34:52
B0FFI376WL,同乐迪KTV(望京信万广场店),望京西路41号望京信万广场6层,朝阳区,116.456374,39.994681,体育休闲服务;娱乐场所;KTV,,高德地图,2026-02-06 09:34:52
B0K2HPM3OG,π對星·派对KTV(华贸店),华贸天地东北角(北苑地铁站A1口步行470米),朝阳区,116.432852,40.046610,体育休闲服务;娱乐场所;KTV,,高德地图,2026-02-06 09:34:52
B0KASSKRFN,星聚会KTV(酒仙桥时光里店),宏源大厦西门停车场内新番时光里商场2层,朝阳区,116.490418,39.984974,体育休闲服务;娱乐场所;KTV,,高德地图,2026-02-06 09:34:52
B0FFJZV7P0,魅KTV·BAR(工体店),工人体育馆西门6号北京工人体育场夜店一条街,朝阳区,116.444165,39.929992,体育休闲服务;娱乐场所;KTV,,高德地图,2026-02-06 09:34:52
B0LR0CN6U5,秘宅KTV(西坝河店),北京城区西坝河东里83号(西坝河地铁站C口步行140米),朝阳区,116.444740,39.965674,体育休闲服务;娱乐场所;KTV|住宿服务;旅馆招待所;旅馆招待所,,高德地图,2026-02-06 09:34:52
B0L3J5DMKD,Groove all night-朝阳店,北京城区乐地文创园E座南侧,朝阳区,116.504115,39.883154,体育休闲服务;娱乐场所;酒吧,,高德地图,2026-02-06 09:34:53
B0HD4LIIJL,新濠汇(四惠店),高碑店盛世龙源0号楼,朝阳区,116.509362,39.905647,体育休闲服务;娱乐场所;KTV|生活服务;生活服务场所;生活服务场所,,高德地图,2026-02-06 09:34:53
B0FFIWU9AR,箸箸国际俱乐部,北京城区东风地区麻辣无限石佛营东里小区姚家园路103号西北,朝阳区,116.502629,39.931845,体育休闲服务;娱乐场所;KTV,,高德地图,2026-02-06 09:34:53
B0LGH7TWVY,帝都秀·沉浸式歌舞晚宴(国贸银泰店)(暂停营业),北京银泰中心in01商场6层,朝阳区,116.459355,39.907434,餐饮服务;餐饮相关场所;餐饮相关,,高德地图,2026-02-06 09:34:53
B0FFF4OH1M,赛乐堡商务公馆(华源世纪商务楼店),双清路88号华源世纪商务楼地下1-2层(五道口清华东门),海淀区,116.334458,39.996226,体育休闲服务;娱乐场所;KTV|餐饮服务;快餐厅;快餐厅,,高德地图,2026-02-06 09:34:53
B000A8XEXM,北京达人时代俱乐部,北京城区阜成路101号永兴花园饭店B1层,海淀区,116.286538,39.925225,体育休闲服务;娱乐场所;KTV|公司企业;公司;公司|生活服务;生活服务场所;生活服务场所|住宿服务;住宿服务相关;住宿服务相关,,高德地图,2026-02-06 09:34:53
B0FFIP1784,友唱·全民K歌(新中关购物中心店),中关村大街19号新中关购物中心L2层KF2-01,海淀区,116.315934,39.978375,体育休闲服务;娱乐场所;KTV,,高德地图,2026-02-06 09:34:53
B0KUL7GB6G,唱吧麦颂KTV(海淀绿地中央广场店),海淀绿地中央广场11号楼,海淀区,116.193843,40.071716,体育休闲服务;娱乐场所;KTV,,高德地图,2026-02-06 09:34:53
B0IGBHM5PA,M-ONE KTV(清河万象汇店),清河中街68号,海淀区,116.335984,40.030149,体育休闲服务;娱乐场所;KTV,,高德地图,2026-02-06 09:34:53
B0H10AUJJ2,唱吧麦颂KTV(北京上地华联店),农大南路1号院1号楼上地华联南侧下沉广场B1层,海淀区,116.311686,40.027716,体育休闲服务;娱乐场所;KTV,,高德地图,2026-02-06 09:34:53
B0L3R1OW4U,秘宅量贩式KTV,万寿路与万寿路东街交叉口西北80米,海淀区,116.294575,39.909525,体育休闲服务;娱乐场所;KTV,,高德地图,2026-02-06 09:34:53
B0IRBCYN76,相遇轰趴·桌游·团建·KTV,苏州街18号院长远天地大厦A座F2层,海淀区,116.306560,39.977386,体育休闲服务;体育休闲服务场所;体育休闲服务场所,,高德地图,2026-02-06 09:34:53
B0LUZCXVBD,新钱柜(世纪金源店),蓝靛厂西路101号,海淀区,116.278205,39.963703,体育休闲服务;娱乐场所;KTV,,高德地图,2026-02-06 09:34:53
B0HD7CRO71,朗丽兹派·聚主题KTV,丰智东路13号-B1层(永丰南地铁站B东北口步行340米),海淀区,116.249275,40.066725,体育休闲服务;娱乐场所;KTV,,高德地图,2026-02-06 09:34:53
B0HU1YBEXQ,聚宝轰趴馆·KTV棋牌·团建聚会(中关村店),苏州街18号院长远天地大厦B1座4楼3A02室(苏州街与丹棱街交口),海淀区,116.306588,39.978587,体育休闲服务;体育休闲服务场所;体育休闲服务场所,,高德地图,2026-02-06 09:34:53
B0FFHLDBST,麦颂KTV(北京花园桥首都师范大学如家快捷酒店店),北洼东街28号,海淀区,116.305148,39.936513,体育休闲服务;娱乐场所;KTV,,高德地图,2026-02-06 09:34:53
B0JAR4ZQ38,TGP绿光派对(北京海淀五道口华联店),成府路28号五道口购物中心3F层,海淀区,116.339375,39.992025,体育休闲服务;娱乐场所;KTV,,高德地图,2026-02-06 09:34:53
B0KKVUI7TM,十三K量贩式KTV(海淀大悦城),北京城区大牛房二巷8号院1号楼4层06,海淀区,116.230147,40.090776,体育休闲服务;娱乐场所;KTV,,高德地图,2026-02-06 09:34:53
B0JALSCFNV,奢蘭商务公馆,中关村南大街与民族大学南路交叉口东60米,海淀区,116.324908,39.948622,体育休闲服务;体育休闲服务场所;体育休闲服务场所,,高德地图,2026-02-06 09:34:53
B000A8ZHFL,来音客商务俱乐部,成府路35号东源大厦5层(五道口地铁站A北口步行150米),海淀区,116.336471,39.993346,体育休闲服务;娱乐场所;KTV,,高德地图,2026-02-06 09:34:53
B000A85IYB,金满天,北京城区中国太平路21号,海淀区,116.281133,39.897505,体育休闲服务;娱乐场所;夜总会|体育休闲服务;娱乐场所;酒吧|餐饮服务;餐饮相关场所;餐饮相关,,高德地图,2026-02-06 09:34:53
B0JK5CCS5Q,华宇金冠国际商务俱乐部,西花园路68号,海淀区,116.365912,39.969539,体育休闲服务;娱乐场所;KTV,,高德地图,2026-02-06 09:34:53
B0L3OUYO19,酷秀KTV·派对(中关村店),海淀大街中关村5号3层EF302,海淀区,116.312655,39.983123,体育休闲服务;娱乐场所;KTV,,高德地图,2026-02-06 09:34:53
B0LUHLJBBM,华丽汇,北四环保福寺桥东南角辽宁大厦4层,海淀区,116.336982,39.984905,体育休闲服务;娱乐场所;KTV,,高德地图,2026-02-06 09:34:53
B000A8XEV7,今夜港商务俱乐部,北京城区中关村南大街1号(人民大学地铁站D西南口步行480米),海淀区,116.318956,39.963607,体育休闲服务;娱乐场所;KTV|体育休闲服务;娱乐场所;酒吧|住宿服务;住宿服务相关;住宿服务相关|餐饮服务;餐饮相关场所;餐饮相关,,高德地图,2026-02-06 09:34:53
B0JA1GRVMC,绿光派对商务(翠微印象城店),翠微路12号印象城翠微店F2层,海淀区,116.302849,39.912510,体育休闲服务;娱乐场所;KTV,,高德地图,2026-02-06 09:34:53
B0FFH0O9SV,唱吧麦颂KTV(大钟寺店),北京城区四道口2号院1号楼2层220号,海淀区,116.345375,39.960576,体育休闲服务;娱乐场所;KTV,,高德地图,2026-02-06 09:34:53
B0FFIRZ09B,星聚会ktv(中关村领展店),北京城区丹棱街甲1号6层601-03号,海淀区,116.314805,39.979257,体育休闲服务;娱乐场所;KTV,,高德地图,2026-02-06 09:34:53
B0L13S6O4D,π對星·派对KTV(清河店),东升科技园生活服务中心3层,海淀区,116.355575,40.037466,体育休闲服务;娱乐场所;KTV|餐饮服务;餐饮相关场所;餐饮相关,,高德地图,2026-02-06 09:34:53
B0L3M1P7IK,酷秀KTV·派对(五道口店),北京城区成府路28号五道口购物中心4层,海淀区,116.339566,39.991506,体育休闲服务;娱乐场所;KTV,,高德地图,2026-02-06 09:34:53
B0FFJKE55E,唱吧麦颂KTV(五棵松华熙万达店),北京城区探五哩街区负一层B-161,海淀区,116.276050,39.912224,体育休闲服务;娱乐场所;KTV,,高德地图,2026-02-06 09:34:53
B0FFIQZGNM,华熙PARTY汇(华熙LIVE·五棵松店),北京城区复兴路69号华熙LIVE·五棵松F1层,海淀区,116.276441,39.910625,体育休闲服务;娱乐场所;KTV,,高德地图,2026-02-06 09:34:53
B0L1R9D31B,唱吧麦颂KTV(中关村店),北京城区海淀大街3号B座地下一层14,海淀区,116.314411,39.983475,体育休闲服务;娱乐场所;KTV,,高德地图,2026-02-06 09:34:53
B0L3MROB70,嗨音秀量贩式,建材城西一里西南3门东190米,海淀区,116.353025,40.061725,体育休闲服务;娱乐场所;KTV,,高德地图,2026-02-06 09:34:53
B0LDMA7IGP,九梦缘国际商务公馆,北土城西路149号(牡丹园地铁站A西北口步行90米),海淀区,116.367080,39.976877,体育休闲服务;娱乐场所;KTV|体育休闲服务;休闲场所;休闲场所,,高德地图,2026-02-06 09:34:53
B0LDH9TSK1,欢乐颂量贩式KTV,永定路与正大南路交叉口东南160米,海淀区,116.265275,39.908825,体育休闲服务;娱乐场所;KTV,,高德地图,2026-02-06 09:34:53
B000A85KCZ,唱吧麦颂KTV(北京学院路店),北京城区学院路7号宏彧大厦三层,海淀区,116.351458,40.000328,体育休闲服务;娱乐场所;KTV,,高德地图,2026-02-06 09:34:53
B0K36XFKNN,唱吧麦颂KTV(西海国际中心店),北京城区北三环西路99号院1号楼,海淀区,116.309117,39.963808,体育休闲服务;娱乐场所;KTV,,高德地图,2026-02-06 09:34:53
B0LUNC90AT,金舞星舞厅(金四季购物中心店),西四环北路117号金四季购物中心F1层,海淀区,116.271582,39.944993,科教文化服务;培训机构;培训机构,,高德地图,2026-02-06 09:34:53
B0L3LRQFFR,COSO PARTY (酷秀)KTV方庄店,北京城区芳城园二区15号楼1层至4层,丰台区,116.432319,39.866091,体育休闲服务;娱乐场所;KTV,,高德地图,2026-02-06 09:34:54
B0LAXAUW1H,宝乐迪量贩式KTV(万丰路店),卢沟桥街道万丰路312号,丰台区,116.293370,39.873710,体育休闲服务;娱乐场所;KTV,,高德地图,2026-02-06 09:34:54
B0FFJBXSR3,唱吧麦颂KTV(翠微百货大成路店),大成路8号翠微百货5层,丰台区,116.265451,39.888395,体育休闲服务;娱乐场所;KTV,,高德地图,2026-02-06 09:34:54
B0FFIYAWBF,宝乐迪量贩式KTV(顶层家居智媒广场店),长辛店杜家坎环岛北集美广场4层,丰台区,116.210288,39.844794,体育休闲服务;娱乐场所;KTV,,高德地图,2026-02-06 09:34:54
B0FFM3XGR0,友乐迪量贩式KTV,云岗路与迎宾东路交叉口东南100米,丰台区,116.167018,39.809165,体育休闲服务;娱乐场所;KTV,,高德地图,2026-02-06 09:34:54
B0LUB5G3NI,青蛙王子量贩式KTV(王佐店),大灰厂向北500米路东(西王佐红绿灯向北),丰台区,116.130051,39.816472,体育休闲服务;娱乐场所;KTV,,高德地图,2026-02-06 09:34:54
B0LGTHZNHO,宝乐汇量贩式KTV(大红门店),马家堡东路106号院1号楼B1层,丰台区,116.387080,39.842751,体育休闲服务;娱乐场所;KTV,,高德地图,2026-02-06 09:34:54
B000A9IR6A,鑫山角娱乐汇,北京城区中国张仪村路甲7-8号,丰台区,116.231911,39.872324,体育休闲服务;娱乐场所;KTV,,高德地图,2026-02-06 09:34:54
B000A886AI,西域豪情,大灰厂向北500米路东(西王佐红绿灯向北),丰台区,116.129875,39.816575,体育休闲服务;娱乐场所;KTV,,高德地图,2026-02-06 09:34:54
B0LBHZT7JK,莱森米量贩式KTV(右安门店),开阳里二街53号,丰台区,116.368720,39.866649,体育休闲服务;娱乐场所;KTV,,高德地图,2026-02-06 09:34:54
B0FFL4PB3I,帝舞俱乐部,张仪村路4号,丰台区,116.233125,39.888375,体育休闲服务;娱乐场所;KTV|体育休闲服务;运动场馆;健身中心,,高德地图,2026-02-06 09:34:54
B0LBLUMYTV,宝乐迪量贩式KTV(花乡奥莱店),花乡黄土岗35号,丰台区,116.327803,39.827346,体育休闲服务;娱乐场所;KTV,,高德地图,2026-02-06 09:34:54
B0IKTAHMLX,世纪歌酷主题量贩KTV(万丰路店),万丰路308号(万丰小吃城),丰台区,116.293909,39.872203,体育休闲服务;娱乐场所;KTV,,高德地图,2026-02-06 09:34:54
B0KU4PVDUI,星聚会KTV(北京丽泽天地店),丰台北路17号院1号丽泽天地购物中心6F层,丰台区,116.306167,39.867867,体育休闲服务;娱乐场所;KTV,,高德地图,2026-02-06 09:34:54
B0FFIHBL3K,北京松缘商务俱乐部,北京城区中国北京西站南路东局甲8号1楼,丰台区,116.320411,39.874933,住宿服务;住宿服务相关;住宿服务相关|体育休闲服务;休闲场所;休闲场所,,高德地图,2026-02-06 09:34:54
B000AA1H5G,爱沙国际量贩KTV,六里桥北里弘利苑大厦2层,丰台区,116.305309,39.883202,体育休闲服务;娱乐场所;KTV|生活服务;美容美发店;美容美发店,,高德地图,2026-02-06 09:34:54
B0L05STTFC,宝山商务俱乐部,方庄芳城园三区17号楼(方庄地铁站A西北口步行390米),丰台区,116.435291,39.866247,体育休闲服务;娱乐场所;KTV,,高德地图,2026-02-06 09:34:54
B000A7W9MR,莱森米量贩式KTV(方庄店),方庄芳城园三区17号楼(方庄地铁站A西北口步行410米),丰台区,116.435291,39.866247,体育休闲服务;娱乐场所;KTV,,高德地图,2026-02-06 09:34:54
B0LGASLI65,宝乐迪量贩式KTV(右安门店),右安门外大街56号院2号楼(景风门地铁站D口步行290米),丰台区,116.364988,39.860437,体育休闲服务;娱乐场所;KTV,,高德地图,2026-02-06 09:34:54
B0L11CLNPS,宝乐汇(刘家窑店),宋庄路5号,丰台区,116.427493,39.855897,体育休闲服务;娱乐场所;KTV,,高德地图,2026-02-06 09:34:54
B0KKBAIW4U,京聚会量贩式KTV,三路居18号楼(丽泽商务区地铁站D口步行470米),丰台区,116.335325,39.865325,体育休闲服务;娱乐场所;KTV,,高德地图,2026-02-06 09:34:54
B0L0NNQR5R,欢乐汇,北京城区马家堡东路108号院九号楼一层,丰台区,116.390298,39.840011,体育休闲服务;娱乐场所;KTV,,高德地图,2026-02-06 09:34:54
B0LBTU3YT3,宝乐汇量贩KTV国润店,小井西路与西四环南路辅路交叉口东80米,丰台区,116.282249,39.869764,体育休闲服务;娱乐场所;KTV,,高德地图,2026-02-06 09:34:54
B0JD47NLON,礼·墅休闲度假区,沙羊路后甫营81号,丰台区,116.092789,39.842301,体育休闲服务;度假疗养场所;度假村,,高德地图,2026-02-06 09:34:54
B0I11Y6JHM,圣瑞华汗蒸洗浴,马家堡路180号蓝光云鼎大厦加油站北100米,丰台区,116.379398,39.834848,生活服务;洗浴推拿场所;洗浴推拿场所,,高德地图,2026-02-06 09:34:54
B0K0KSC9IO,派对星(慧谷国际店),樊阳路51号慧谷国际B1-111,丰台区,116.312525,39.828275,体育休闲服务;娱乐场所;KTV,,高德地图,2026-02-06 09:34:54
B0FFI1X646,唱吧麦颂KTV(北京方庄店),北京城区蒲方路12、14号楼,丰台区,116.432094,39.865678,体育休闲服务;娱乐场所;KTV,,高德地图,2026-02-06 09:34:54
B0L3M1P0B5,酷秀KTV(丽泽新光界店),北京城区丰台北路18号院金唐新光界商场5层,丰台区,116.304890,39.865945,体育休闲服务;娱乐场所;KTV,,高德地图,2026-02-06 09:34:54
B0L66MB7N2,十三K·PARTY·KTV(丰台春风里店),新宫地铁站D西南口步行300米,丰台区,116.364934,39.809849,体育休闲服务;娱乐场所;KTV,,高德地图,2026-02-06 09:34:54
B0FFIQRI9G,唱吧麦颂KTV(刘家窑歌舞剧院店),北京城区南三环东路23号1号楼负一层,丰台区,116.426749,39.858738,体育休闲服务;娱乐场所;KTV,,高德地图,2026-02-06 09:34:54
B0L3M1P0B6,酷秀KTV·派对(欧尚店),北京城区邻枫路1号大润发超市3层,丰台区,116.288624,39.835793,体育休闲服务;娱乐场所;KTV,,高德地图,2026-02-06 09:34:54
B0LGHUTUU7,五方量贩式KTV,云岗南区东里12号,丰台区,116.162465,39.808903,体育休闲服务;娱乐场所;KTV,,高德地图,2026-02-06 09:34:54
B000A85JJA,宝乐汇量贩式KTV(宋家庄店),丰台区双庙村125号院1号楼,丰台区,116.428753,39.838319,体育休闲服务;娱乐场所;KTV|公司企业;公司;公司,,高德地图,2026-02-06 09:34:54
B0LGD9MI8P,乐巢量贩式KTV(南顶路店),南顶路甲23号三层、四层、五层,丰台区,116.411094,39.842424,体育休闲服务;娱乐场所;KTV,,高德地图,2026-02-06 09:34:54
B0FFK2IK2B,唱吧麦颂KTV(马家堡店),北京城区马家堡西路11号地下一层,丰台区,116.370767,39.848170,体育休闲服务;娱乐场所;KTV,,高德地图,2026-02-06 09:34:54
B0FFH0X91L,唱吧麦颂KTV(泥洼地铁站店),北京城区丰管路甲3号亿潼隆丰益购物中心4,丰台区,116.302196,39.858667,体育休闲服务;娱乐场所;KTV,,高德地图,2026-02-06 09:34:54
B0JKPL1XZK,京乐门舞厅,西马场甲14号集美家居5号厅一层,丰台区,116.394137,39.834432,体育休闲服务;娱乐场所;迪厅,,高德地图,2026-02-06 09:34:54
B0J07M6T00,名赫东方禧福汇俱乐部,北京城区交道口东大街101号北京东方美爵酒店地下一层,东城区,116.411740,39.941424,体育休闲服务;娱乐场所;KTV,,高德地图,2026-02-06 09:34:55
B0FFJBTPLF,唱吧麦颂KTV(簋街店),北京城区东直门内大街15号-13、-14、2层2-15,东城区,116.427170,39.941331,体育休闲服务;娱乐场所;KTV,,高德地图,2026-02-06 09:34:55
B0FFFGWMY8,唱吧麦颂KTV(崇文门店),区崇文门外大街40号4F北,东城区,116.419054,39.896804,体育休闲服务;娱乐场所;KTV,,高德地图,2026-02-06 09:34:55
B0LRNLMY6I,北方鑫柜量贩式KTV(暂停营业),交林夹道与和平里东街辅路交叉口东40米,东城区,116.425775,39.957460,体育休闲服务;娱乐场所;KTV,,高德地图,2026-02-06 09:34:55
B0FFL4WQF7,唱吧麦颂KTV(马连道店),北京城区马连道东街15号院1号,西城区,116.331965,39.884440,体育休闲服务;娱乐场所;KTV,,高德地图,2026-02-06 09:34:55
B0HKAUK86U,莱森米KTV(马连道店),红莲南路28号红莲大厦F1层,西城区,116.333610,39.876840,体育休闲服务;体育休闲服务场所;体育休闲服务场所,,高德地图,2026-02-06 09:34:55
B0LUHXKNME,星樂汇量贩式KTV,首创新大都东门旁(二里沟地铁站C口步行440米),西城区,116.336741,39.932992,体育休闲服务;娱乐场所;KTV,,高德地图,2026-02-06 09:34:55
B0LDUREMUJ,金色芳华,马连道东街15号红莲晴园,西城区,116.332125,39.884208,体育休闲服务;娱乐场所;KTV,,高德地图,2026-02-06 09:34:55
B0FFJDNC9Z,唱吧麦颂KTV(月坛南街京饮华天商厦店)(暂停营业),月坛南街30号京饮华天商场F4层,西城区,116.340885,39.913781,体育休闲服务;娱乐场所;KTV,,高德地图,2026-02-06 09:34:55
B0LG7C4ALD,极格线KTV(通州土桥店),九棵树东路砖厂南里48号楼3层301,通州区,116.694603,39.870724,体育休闲服务;娱乐场所;KTV,,高德地图,2026-02-06 09:34:56
B000A7PKJ0,金宝来KTV,八里桥通惠北路18号,通州区,116.642857,39.915485,体育休闲服务;娱乐场所;KTV,,高德地图,2026-02-06 09:34:56
B0IAV1OPXF,动刻KTV(通州万达广场店),新华西街58号院万达广场B座4F层B2,通州区,116.642374,39.905640,体育休闲服务;娱乐场所;KTV|餐饮服务;外国餐厅;日本料理,,高德地图,2026-02-06 09:34:56
B0IU9UX9VN,京都汇商务公馆,北杨洼小区13号楼1至3层,通州区,116.671511,39.887643,体育休闲服务;娱乐场所;KTV|住宿服务;宾馆酒店;宾馆酒店|生活服务;生活服务场所;生活服务场所,,高德地图,2026-02-06 09:34:56
B0FFGD6AUN,唱吧麦颂量贩KTV(梨园店),云景东路51号3层,通州区,116.664781,39.876223,体育休闲服务;娱乐场所;KTV,,高德地图,2026-02-06 09:34:56
B000A8USQL,天赐情缘KTV(物资学院店),北京城区物资学院路甲18号,通州区,116.639450,39.921255,体育休闲服务;娱乐场所;KTV|住宿服务;宾馆酒店;宾馆酒店,,高德地图,2026-02-06 09:34:56
B0LRH79VTT,MK-KTV(华远铭悦好天地购物中心店),九棵树东路华远好天地1层,通州区,116.696548,39.870812,体育休闲服务;娱乐场所;KTV,,高德地图,2026-02-06 09:34:56
B000A8ZKO7,北京祥海龙腾ktv,祥和乐园西门南230米,通州区,116.703622,39.837616,体育休闲服务;娱乐场所;KTV,,高德地图,2026-02-06 09:34:56
B0FFIZ4Y4A,唱吧麦颂KTV(西门金街A区店),万达广场西门金街A区B1层,通州区,116.638191,39.905025,体育休闲服务;体育休闲服务场所;体育休闲服务场所,,高德地图,2026-02-06 09:34:56
B000A7PU3Z,乐之旅国际商务公馆,玉桥西里72号院16号楼3层,通州区,116.672134,39.888910,体育休闲服务;娱乐场所;KTV,,高德地图,2026-02-06 09:34:56
B0LDFMQO32,金亚鸿飞KTV,马驹桥镇景盛中街30号,通州区,116.549054,39.737561,体育休闲服务;娱乐场所;娱乐场所,,高德地图,2026-02-06 09:34:56
B0L3JZEDPY,京云会,通瑞新天地1-2层,通州区,116.685583,39.936426,体育休闲服务;娱乐场所;KTV,,高德地图,2026-02-06 09:34:56
B0JUTCIPIT,YUE量贩KTV(玫瑰坊商业中心店),临河里33号三层101-048,通州区,116.682100,39.880915,体育休闲服务;娱乐场所;KTV,,高德地图,2026-02-06 09:34:56
B000A8X9DU,天颐源,翠屏东路运河西大街11号楼,通州区,116.654576,39.892837,体育休闲服务;娱乐场所;KTV|体育休闲服务;运动场馆;羽毛球场|生活服务;洗浴推拿场所;洗浴推拿场所|住宿服务;住宿服务相关;住宿服务相关|汽车销售;汽车销售;汽车销售|商务住宅;商务住宅相关;商务住宅相关,,高德地图,2026-02-06 09:34:56
B0FFLM3KHJ,魅KTV(新城商厦店),台湖镇科创九街定海园二里15号楼4层,通州区,116.565694,39.799005,体育休闲服务;娱乐场所;KTV,,高德地图,2026-02-06 09:34:56
B0K2C93GZ3,极格线KTV(通州万达店),新华西街56号1幢2层,通州区,116.644574,39.906448,体育休闲服务;体育休闲服务场所;体育休闲服务场所,,高德地图,2026-02-06 09:34:56
B0LDPA2D3Q,极格线KTV(通州潞苑店),潞苑南大街富恒大厦三层301,通州区,116.674263,39.928545,体育休闲服务;娱乐场所;KTV,,高德地图,2026-02-06 09:34:56
B0JU2RCXD0,魅KTV(通州乐堤港店),黄船埠街2号院2号楼6层601-A602A603,通州区,116.658257,39.923785,体育休闲服务;娱乐场所;KTV,,高德地图,2026-02-06 09:34:56
B0FFFPV1H4,金帝辉煌KTV(马驹桥店),马驹桥兴华南街327号5-6层,通州区,116.543128,39.752584,体育休闲服务;娱乐场所;KTV,,高德地图,2026-02-06 09:34:56
B0J2FA5CZM,星聚会KTV(新光大大融城店),北京城区永顺南街8号2C商业街4层,通州区,116.658788,39.917713,体育休闲服务;娱乐场所;KTV,,高德地图,2026-02-06 09:34:56
B0G1RM1AUO,松果音乐KTV(通州万达店),新华西街60号院211万达金街A1区,通州区,116.638611,39.904518,体育休闲服务;娱乐场所;KTV,,高德地图,2026-02-06 09:34:56
B0I3JK3G4K,蓝调KTV(通州果园店),通朝大街107号109、111,通州区,116.639602,39.892675,体育休闲服务;娱乐场所;KTV,,高德地图,2026-02-06 09:34:56
B0HU7AYCQ6,蓝调(亦庄科创九街店),台湖镇定海园三里9号楼3层302,通州区,116.565268,39.797995,体育休闲服务;娱乐场所;KTV,,高德地图,2026-02-06 09:34:56
B0FFIDV0EE,唱吧麦颂KTV(土桥店),砖厂南里40号楼201室,通州区,116.696463,39.870789,体育休闲服务;娱乐场所;KTV,,高德地图,2026-02-06 09:34:56
B0JUT6VTGZ,唱吧麦颂KTV(通州次渠店),次渠大街与亦庄通惠灌渠东路交叉口东南80米,通州区,116.573979,39.802534,体育休闲服务;娱乐场所;KTV,,高德地图,2026-02-06 09:34:56
B0H3TCM42X,十三K量贩式KTV(通州万达店),新华西街60号院1号楼1至2层152,通州区,116.639303,39.904996,体育休闲服务;娱乐场所;KTV,,高德地图,2026-02-06 09:34:56
B0L6HZNKCX,唱吧麦颂KTV(九棵树店),翠景北里1号楼阳光生活广场,通州区,116.657227,39.889319,体育休闲服务;娱乐场所;KTV,,高德地图,2026-02-06 09:34:56
B0FFM1MP30,天秤座量贩式KTV(路劲广场店),南邵镇双营西路78号路劲世界城2层,昌平区,116.292849,40.206481,体育休闲服务;娱乐场所;KTV,,高德地图,2026-02-06 09:34:57
B0FFH83RQ6,阳坊胜利饭店KTV,阳坊镇中心街10号胜利饭店B1层(阳坊政府旁),昌平区,116.139389,40.138712,体育休闲服务;娱乐场所;KTV,,高德地图,2026-02-06 09:34:57
B0IG2UA5IX,T-ONEKTV同乐迪臻品(昌发展万科广场店),昌发展万科广场2楼,昌平区,116.317294,40.066761,体育休闲服务;娱乐场所;KTV,,高德地图,2026-02-06 09:34:57
B0JD6HVVV1,魅KTV(首开LONG街南区店),龙锦三街24号,昌平区,116.371871,40.084074,体育休闲服务;娱乐场所;KTV,,高德地图,2026-02-06 09:34:57
B0K3P55OLH,星聚会ktv(沙河万达广场店),乐业路与七辛中街交叉口北300米沙河万达1号门2F,昌平区,116.313926,40.107438,体育休闲服务;娱乐场所;KTV,,高德地图,2026-02-06 09:34:57
B0J3LC541I,凯乐国际量贩式KTV(乐多港万达广场店),南口路29号万达广场北京乐多港店F3层,昌平区,116.190020,40.228813,体育休闲服务;体育休闲服务场所;体育休闲服务场所,,高德地图,2026-02-06 09:34:57
B0L3DS51UK,星汇KTV(回龙观店),回龙观西大街美廉美3层99室,昌平区,116.323087,40.076655,体育休闲服务;体育休闲服务场所;体育休闲服务场所,,高德地图,2026-02-06 09:34:57
B0L2HCATZE,嗨音秀量贩式自助KTV,松兰堡百沙路,昌平区,116.297388,40.152545,体育休闲服务;娱乐场所;KTV,,高德地图,2026-02-06 09:34:57
B000A85VL0,星梦量贩式KTV(府学路店),府学路甲28号,昌平区,116.240870,40.220496,体育休闲服务;娱乐场所;KTV|体育休闲服务;娱乐场所;酒吧|体育休闲服务;娱乐场所;迪厅,,高德地图,2026-02-06 09:34:57
B0L3MCMC5M,A-party KTV(未来城店),立汤路辅路与中滩村北三街交叉口西南160米,昌平区,116.411775,40.063625,体育休闲服务;娱乐场所;KTV,,高德地图,2026-02-06 09:34:57
B000A81C5Z,焰火之都商务公馆,城北街道办事处后院(昌平东关地铁站B东北口步行130米),昌平区,116.262640,40.222870,体育休闲服务;娱乐场所;KTV|住宿服务;宾馆酒店;宾馆酒店,,高德地图,2026-02-06 09:34:57
B000A887KX,顺玮阁量贩式KTV(北清路店),北清路北七家镇王府街32号(顺玮阁大酒店B1层),昌平区,116.383054,40.101503,体育休闲服务;娱乐场所;KTV,,高德地图,2026-02-06 09:34:57
B0FFICTH29,乐音洋洋音乐俱乐部(西关商贸楼店),,昌平区,116.221968,40.224114,体育休闲服务;娱乐场所;KTV,,高德地图,2026-02-06 09:34:57
B0JU6AQIA0,唱吧麦颂KTV(松园路店),府学路25号,昌平区,116.250913,40.221620,体育休闲服务;娱乐场所;KTV|体育休闲服务;运动场馆;运动场所,,高德地图,2026-02-06 09:34:57
B0IDU1R887,利平KTV(吉利大学店),昌流路马池口社区服务中心C座1号,昌平区,116.171132,40.183181,体育休闲服务;娱乐场所;KTV,,高德地图,2026-02-06 09:34:57
B000A9UH6W,58娱乐,北七家镇北七家立汤路58号,昌平区,116.413824,40.117467,体育休闲服务;娱乐场所;KTV,,高德地图,2026-02-06 09:34:57
B000A8XDTD,上水阁KTV,王府街10号院东门南170米,昌平区,116.412112,40.097320,体育休闲服务;娱乐场所;KTV,,高德地图,2026-02-06 09:34:57
B0FFFADPUX,北京立军娱乐有限公司,顺沙路93号,昌平区,116.391970,40.176597,体育休闲服务;娱乐场所;KTV,,高德地图,2026-02-06 09:34:57
B0LRGASV91,冠鼎轩量贩式KTV,定泗路与立汤路交叉口东220米,昌平区,116.414624,40.117071,体育休闲服务;娱乐场所;KTV,,高德地图,2026-02-06 09:34:57
B0FFLC9CX6,天秤座(龙德广场店),东小口镇立汤路186号院龙德广场4层F459,昌平区,116.415971,40.058514,体育休闲服务;娱乐场所;KTV,,高德地图,2026-02-06 09:34:57
B0FFFW5978,巴比伦量贩式KTV(庄盛奥特莱斯回龙观店),三合庄园9号楼北侧1号庄盛奥特莱斯F1层,昌平区,116.319675,40.083640,体育休闲服务;娱乐场所;KTV,,高德地图,2026-02-06 09:34:57
B0FFHBCDHR,嘉乐迪(夜总会KTV),,昌平区,116.229154,40.229620,体育休闲服务;娱乐场所;KTV,,高德地图,2026-02-06 09:34:57
B0LRR1KXDM,欢乐颂KTV(昌平店),永安路与南环路交叉口南200米,昌平区,116.234133,40.210693,体育休闲服务;娱乐场所;KTV,,高德地图,2026-02-06 09:34:57
B0FFJKMV4U,唱吧麦颂KTV(港龙中心店),回龙观西大街18号港龙商业中心2段B1层,昌平区,116.332551,40.078729,体育休闲服务;娱乐场所;KTV,,高德地图,2026-02-06 09:34:57
B0L3M1P0BF,酷秀KTV(回龙观店),北京城区回龙观西大街111号F3-37,昌平区,116.318921,40.077012,体育休闲服务;娱乐场所;KTV,,高德地图,2026-02-06 09:34:57
B0FFHELS0F,唱吧麦颂KTV(西三旗店),回龙观镇建材城西路87号院1号楼负1层1001室,昌平区,116.330943,40.057063,体育休闲服务;娱乐场所;KTV,,高德地图,2026-02-06 09:34:57
B0JD0HRQIV,π對星·派对KTV(沙河玖耀里店),百沙路玖耀里西区1号楼四层,昌平区,116.281616,40.146980,体育休闲服务;娱乐场所;KTV,,高德地图,2026-02-06 09:34:57
B0L3AMQM13,酷秀KTV·派对(沙河店),地区路松街51号院3号楼2层201,昌平区,116.287320,40.147331,体育休闲服务;娱乐场所;KTV,,高德地图,2026-02-06 09:34:57
B0JDA1Y206,唱吧麦颂KTV(北京昌平泰华龙旗广场),回龙观镇黄平路19号院,昌平区,116.346283,40.067152,体育休闲服务;娱乐场所;KTV,,高德地图,2026-02-06 09:34:57
B0L3M7N818,酷秀KTV(天通苑国泰百货店),东小口镇天通苑东苑东三区2号楼4层TC-110,昌平区,116.435563,40.073158,体育休闲服务;娱乐场所;KTV,,高德地图,2026-02-06 09:34:57
B0FFHU5VHF,唱吧麦颂KTV(北京回龙观地铁站店),回龙观镇育知东路30号院5号楼,昌平区,116.337996,40.072468,体育休闲服务;娱乐场所;KTV,,高德地图,2026-02-06 09:34:57
B0LDHHSQAV,京樽量贩式KTV,天通北苑三区北1门西240米,昌平区,116.429001,40.079149,体育休闲服务;体育休闲服务场所;体育休闲服务场所,,高德地图,2026-02-06 09:34:57
B0K6URWMVW,唱吧麦颂KTV(回龙观禧乐汇店),回龙观文华路89号禧乐汇四楼,昌平区,116.343156,40.088357,体育休闲服务;娱乐场所;KTV,,高德地图,2026-02-06 09:34:57
B0L3M1PQAG,酷秀KTV(鼓楼西街店),鼓楼西街12号楼负一层86,昌平区,116.230787,40.224072,体育休闲服务;娱乐场所;KTV,,高德地图,2026-02-06 09:34:57
B0FFFAEA6B,夜之宴量贩KTV,黄村西大街兴华南路1号(黄村西大街地铁站D西南口步行80米),大兴区,116.332091,39.730461,体育休闲服务;娱乐场所;KTV,,高德地图,2026-02-06 09:34:58
B0G3YUV5S0,麦乐潮量贩式ktv,团河路48号院3号楼三层(大悦春风里东北方向900米),大兴区,116.353103,39.736389,体育休闲服务;娱乐场所;KTV,,高德地图,2026-02-06 09:34:58
B0HU35Z24J,唱吧麦颂KTV(大兴黄村星城商厦店),黄村镇兴丰大街185号星城商厦4层,大兴区,116.339177,39.731090,体育休闲服务;娱乐场所;KTV,,高德地图,2026-02-06 09:34:58
B0HRMSHGSL,开心果ktv(上海沙龙新天地天宝商业中心店),天宝南街4号上海沙龙商业中心4层,大兴区,116.497781,39.791050,体育休闲服务;娱乐场所;KTV,,高德地图,2026-02-06 09:34:58
B0I3J18WPI,星聚会ktv(大族广场Mall&More店),经济技术开发区荣华南路大族广场T1三层,大兴区,116.512254,39.792787,体育休闲服务;娱乐场所;KTV,,高德地图,2026-02-06 09:34:58
B0L3M1PLM6,酷秀KTV(天宫院店),华佗路2号凯德茂商场L5-09B,大兴区,116.318959,39.671987,体育休闲服务;娱乐场所;KTV,,高德地图,2026-02-06 09:34:58
B0KKCXN50Y,蓝调量贩KTV(天键广场店),枣园路27号院天键广场A栋2层,大兴区,116.317555,39.753522,体育休闲服务;娱乐场所;KTV,,高德地图,2026-02-06 09:34:58
B0G0752QBF,悦派量贩式KTV,黄村东大街38号院6号楼6层601,大兴区,116.343425,39.731325,体育休闲服务;娱乐场所;KTV,,高德地图,2026-02-06 09:34:58
B0KURU6NH8,唱吧麦颂KTV(龙湖天街店),北京城区永兴路7号院9号楼403、402,大兴区,116.320791,39.684834,体育休闲服务;娱乐场所;KTV,,高德地图,2026-02-06 09:34:58
B0JG6UHSAF,劲酷劲唱量贩式KTV,荣华南路16号中冀斯巴鲁大厦-1层,大兴区,116.517834,39.784585,体育休闲服务;体育休闲服务场所;体育休闲服务场所,,高德地图,2026-02-06 09:34:58
B0HUY7SMX4,星聚会KTV(北京大兴天街店),北京大兴天街(生物医药基地地铁站A西北口步行380米),大兴区,116.318605,39.687661,体育休闲服务;娱乐场所;KTV|生活服务;生活服务场所;生活服务场所,,高德地图,2026-02-06 09:34:58
B0JUNH3MQT,麦浪PARTY商务公馆,庞各庄镇隆兴大街龙景湾5区20号,大兴区,116.312967,39.627262,体育休闲服务;娱乐场所;KTV,,高德地图,2026-02-06 09:34:58
B0LUYZPNHH,麦浪PARTY量贩式KTV(榆垡店),航程世界坊三层,大兴区,116.301125,39.514975,体育休闲服务;体育休闲服务场所;体育休闲服务场所,,高德地图,2026-02-06 09:34:58
B0KKVOAIAY,蓝调派对KTV(缤纷城·东岸店),金星西路3号缤纷城·东岸B1层,大兴区,116.333986,39.764033,体育休闲服务;娱乐场所;KTV,,高德地图,2026-02-06 09:34:58
B0FFK1YGST,唱吧麦颂KTV(兴悦汇店),兴丰大街金星西路5号及5号院兴悦汇B1层,大兴区,116.332092,39.764387,体育休闲服务;娱乐场所;KTV,,高德地图,2026-02-06 09:34:58
B0K3YAAY8M,唛乐汇量贩式KTV,黄村镇狼垡一村长丰园3区14号楼1层,大兴区,116.293802,39.779611,体育休闲服务;娱乐场所;KTV,,高德地图,2026-02-06 09:34:58
B0KKRAQS18,星聚会ktv(龙湖北京亦庄天街店),博兴八路与兴海路交叉口龙湖北京亦庄天街3F层3F-23,大兴区,116.492141,39.752805,体育休闲服务;娱乐场所;KTV,,高德地图,2026-02-06 09:34:58
B0FFHDNSII,京顺峰量贩式KTV,黄村镇芦城村黄鹅路107号,大兴区,116.289002,39.753016,体育休闲服务;娱乐场所;KTV,,高德地图,2026-02-06 09:34:58
B0FFF5TM7X,乐家量贩KTV(乐家family店),乐家购物中心b区3层(近星空影院),大兴区,116.333710,39.799904,体育休闲服务;娱乐场所;KTV,,高德地图,2026-02-06 09:34:58
B0FFIL19CG,唱吧麦颂KTV(大兴旧宫店),北京城区旧宫镇小红门路136-5号兴南大厦A座,大兴区,116.455925,39.812113,体育休闲服务;娱乐场所;KTV,,高德地图,2026-02-06 09:34:58
B0JG1ZBI85,LI DU丽都商务公馆(旧宫店),旧忠路与隆华路交叉口东北100米,大兴区,116.451961,39.798216,体育休闲服务;娱乐场所;KTV|购物服务;服装鞋帽皮具店;服装鞋帽皮具店,,高德地图,2026-02-06 09:34:58
B0L1451NG2,尚乐迪量贩式KTV,大雄商业中心,大兴区,116.495225,39.799775,体育休闲服务;娱乐场所;KTV,,高德地图,2026-02-06 09:34:58
B0IBOHGWGF,欣悦汇量贩式,黄亦路与金大路交叉口西60米,大兴区,116.385297,39.764761,体育休闲服务;娱乐场所;KTV,,高德地图,2026-02-06 09:34:58
B0LURO1D8E,水魔方棋牌·KTV·茶室综合会所,地盛西路与荣京南小街交叉口东160米,大兴区,116.499796,39.785142,体育休闲服务;娱乐场所;棋牌室,,高德地图,2026-02-06 09:34:58
B0K6G7203M,K-GOMATE(赛特+购物中心店),建国门外大街22号赛特购物中心4层,朝阳区,116.441641,39.907608,体育休闲服务;娱乐场所;KTV,,高德地图,2026-02-06 17:07:28
B0L3M1P0B8,酷秀KTV•派对(太阳宫店),太阳宫中路12号楼凯德mall商场4层,朝阳区,116.446744,39.971322,体育休闲服务;娱乐场所;KTV|生活服务;美容美发店;美容美发店,,高德地图,2026-02-06 17:07:30
B0L3UCHG3M,酷秀KTV·派对(房山财富广场店),北京城区拱辰大街98号金智汇3层,房山区,116.142750,39.732458,体育休闲服务;娱乐场所;KTV,,高德地图,2026-02-06 17:07:30
B0L3HRAWYN,酷秀KTV(望京新世界百货店),北京城区广顺南大街16号院1号楼3层301号03F015,朝阳区,116.481297,39.986212,体育休闲服务;娱乐场所;KTV,,高德地图,2026-02-06 17:07:30
B0KDVKAZ52,唱吧麦颂KTV(星悦广场黄渠地铁站店),北京城区三间房东路4号星悦广场3楼118室,朝阳区,116.575222,39.923472,体育休闲服务;娱乐场所;KTV,,高德地图,2026-02-06 17:07:30
B0FFMA7XOI,魅KTV(酒仙桥新辰里店),酒仙桥毕淘买生活广场12号楼地下1层,朝阳区,116.490226,39.975578,体育休闲服务;娱乐场所;KTV,,高德地图,2026-02-06 17:07:30
B0LUDH7BXG,麦霸星球量贩式KTV(管庄店),朝阳路杨闸环岛朗庭大厦底商(管庄地铁站B1口步行450米),朝阳区,116.597989,39.911312,体育休闲服务;娱乐场所;KTV,,高德地图,2026-02-06 17:07:30
B0LASSZ0I8,缤纷年代商务俱乐部,北京城区光华路15号院北京伯豪瑞廷酒店6层,朝阳区,116.471454,39.914041,体育休闲服务;娱乐场所;KTV|生活服务;生活服务场所;生活服务场所|购物服务;购物相关场所;购物相关场所,,高德地图,2026-02-06 17:07:30
B0H0UCMNX7,魅KTV·AI辅唱(安贞桥店),北三环东路33号苏宁易购西侧4层,东城区,116.409872,39.969401,体育休闲服务;娱乐场所;KTV,,高德地图,2026-02-06 17:07:34
B0L354DXLW,北京金色大厅,霞公府街与王府井西街交叉口西南100米,东城区,116.408063,39.908814,体育休闲服务;娱乐场所;KTV,,高德地图,2026-02-06 17:07:34
B0K1PACG17,麦乐潮商务俱乐部,小红门路39号永辉超市二层,大兴区,116.454828,39.814148,体育休闲服务;娱乐场所;KTV,,高德地图,2026-02-06 17:07:38
B0IGNH1WR2,麦迪汇KTV,旧忠路7号,大兴区,116.451088,39.802263,体育休闲服务;娱乐场所;KTV,,高德地图,2026-02-06 17:07:38
B0LD0CF1RK,魅KTV·AI 辅唱(上德银泰店),北京上德银泰城,大兴区,116.346713,39.763762,体育休闲服务;娱乐场所;KTV,,高德地图,2026-02-06 17:07:38
B0JK1RGMEK,乐派轰趴馆·KTV团建生日聚会(BDA国际·广场B座店),地盛西路6号院BDA国际·广场B座F3层,大兴区,116.499306,39.785646,体育休闲服务;娱乐场所;娱乐场所,,高德地图,2026-02-06 17:07:38
B0H26C1K77,万都KTV洗浴,永旺路1号院10号楼1层(金科天宸荟),大兴区,116.322418,39.683629,体育休闲服务;娱乐场所;KTV|生活服务;洗浴推拿场所;洗浴推拿场所,,高德地图,2026-02-06 17:07:38
B0L04UXDE9,友乐汇量贩式KTV(鸿坤广场店),欣旺北大街8号鸿坤广场购物中心F6层,大兴区,116.339725,39.791625,体育休闲服务;娱乐场所;KTV,,高德地图,2026-02-06 17:07:38
B0FFFRASY6,丰大国际大酒店KTV,荣华中路20号丰大国际大酒店,大兴区,116.508786,39.795709,体育休闲服务;体育休闲服务场所;体育休闲服务场所,,高德地图,2026-02-06 17:07:38
B0G1OUDOU4,魅KTV(劲松店),农光东里34号楼3层,朝阳区,116.467937,39.883950,体育休闲服务;娱乐场所;KTV,,高德地图,2026-02-06 17:33:28
B0GDT7ZN9G,魅KTV(大望路店),西大望路15号外企大厦C座5层,朝阳区,116.477132,39.894205,体育休闲服务;娱乐场所;KTV,,高德地图,2026-02-06 17:33:28
B0FFJRGTXG,魅KTV(上地店),上地西路19号,海淀区,116.310797,40.030487,体育休闲服务;娱乐场所;KTV,,高德地图,2026-02-06 17:33:28
B0I62HFYAS,魅KTV(锦荟港店),站前街3号院锦荟港F5层,顺义区,116.647761,40.126183,体育休闲服务;娱乐场所;KTV,,高德地图,2026-02-06 17:33:28
B0J0AL3LS1,魅KTV(百子湾大成国际店),东四环中路78号金隅·大成国际中心B1座2层,朝阳区,116.492791,39.899555,体育休闲服务;娱乐场所;KTV,,高德地图,2026-02-06 17:33:28
B0H12RARLN,魅KTV(合生麒麟新天地店),阜通西大街11号合生·麒麟新天地2F层,朝阳区,116.477933,39.997081,体育休闲服务;娱乐场所;KTV|科教文化服务;培训机构;培训机构,,高德地图,2026-02-06 17:33:28
B0FFM4C6M9,魅KTV(朝阳大悦城店),朝阳北路雅成一里19号世丰国际大厦B1层,朝阳区,116.521630,39.924023,体育休闲服务;娱乐场所;KTV,,高德地图,2026-02-06 17:33:28
B0J2C598HM,魅KTV(望京凯德MALL店),广顺北大街33号院215号楼06层601内06-01号,朝阳区,116.467841,39.993649,体育休闲服务;娱乐场所;KTV,,高德地图,2026-02-06 17:33:28
B0I0K71T17,魅KTV(TBD万科店),安居路7号院7号楼2层206,昌平区,116.315106,40.103736,体育休闲服务;娱乐场所;KTV,,高德地图,2026-02-06 17:33:28
B0K1XN5E34,唱吧麦颂KTV(航天桥店),北京城区西三环北路100号2层1-5地上二层,海淀区,116.310975,39.925475,体育休闲服务;娱乐场所;KTV,,高德地图,2026-02-06 17:33:28
B0FFI22VV2,唱吧麦颂KTV(朝阳门地铁站店),北京城区朝外大街19号华普大厦3,朝阳区,116.438049,39.924786,体育休闲服务;娱乐场所;KTV,,高德地图,2026-02-06 17:33:28
B000ABBS7G,唱吧麦颂KTV(四通桥店),北京城区中关村南大街甲6号铸诚大厦B1层,海淀区,116.324360,39.964471,体育休闲服务;娱乐场所;KTV,,高德地图,2026-02-06 17:33:28
B0L1LZD9VH,唱吧麦颂KTV(房山良辰国泰百货店),北京城区拱辰南大街7号院1号楼1至4层1-1四层,房山区,116.141692,39.728651,体育休闲服务;娱乐场所;KTV,,高德地图,2026-02-06 17:33:28
B0FFHK25P4,唱吧麦颂KTV(北京大悦城店),北京城区雅成一里19号楼-1层-101南侧,朝阳区,116.521598,39.924055,体育休闲服务;娱乐场所;KTV,,高德地图,2026-02-06 17:33:28
B0FFKQ4O5P,唱吧麦颂KTV(北京惠新东桥对外经贸大学),北京城区惠新东街2号,朝阳区,116.424682,39.987713,体育休闲服务;娱乐场所;KTV,,高德地图,2026-02-06 17:33:28
B0FFI6K1Z2,唱吧麦颂KTV(北京日坛国际贸易中心神路街店),北京城区神路街39号10幢1至2层2段9号,朝阳区,116.443895,39.919325,体育休闲服务;娱乐场所;KTV,,高德地图,2026-02-06 17:33:28
B0FFJUGKNT,唱吧麦颂KTV(六里桥店)(暂停营业),西三环南路10-3号月恒正大新生活广场3层,丰台区,116.312572,39.878814,体育休闲服务;体育休闲服务场所;体育休闲服务场所,,高德地图,2026-02-06 17:33:28
B0FFKZY1R2,酷秀KTV(国贸店),建国路93号院万达广场A座新世界百货3层,朝阳区,116.472707,39.909427,体育休闲服务;娱乐场所;KTV,,高德地图,2026-02-06 17:33:28
B0L3TD7K8Z,酷秀KTV(亚运村店),北京城区安立路99号名人国际大酒店4F,朝阳区,116.407034,39.995784,体育休闲服务;娱乐场所;KTV,,高德地图,2026-02-06 17:33:28
B0L3M1PQAE,酷秀KTV(来广营店),来广营保利广场西座一层内L1-06号,朝阳区,116.463809,40.016620,生活服务;美容美发店;美容美发店,,高德地图,2026-02-06 17:33:28
B0L3AMQM14,酷秀KTV·派对(慈云寺店),北京城区八里庄东里樱辉财富广场4楼401,朝阳区,116.496022,39.916014,生活服务;美容美发店;美容美发店|购物服务;购物相关场所;购物相关场所,,高德地图,2026-02-06 17:33:28
B0L2ORWH5D,酷秀KTV(团结湖店),北京城区团结湖东里3-5号中里6号4号楼地下一层F06室,朝阳区,116.469725,39.929125,体育休闲服务;娱乐场所;KTV,,高德地图,2026-02-06 17:33:28
B0L3M1P7IP,酷秀KTV(房山印象城店),广阳新路9号院1号楼北京房山印象城1F层,房山区,116.211360,39.753403,体育休闲服务;娱乐场所;KTV|生活服务;美容美发店;美容美发店,,高德地图,2026-02-06 17:33:28
B0L3HRAI11,酷秀KTV•派对(常营店),北京城区朝阳北路17号常营回族乡华联商场一层,朝阳区,116.598916,39.926676,体育休闲服务;娱乐场所;KTV,,高德地图,2026-02-06 17:33:28
B0L39LTU4E,酷秀KTV(房山龙湖天街店),北京城区政通南路2号院1号楼4F08-09,房山区,116.141225,39.744837,体育休闲服务;娱乐场所;KTV,,高德地图,2026-02-06 17:33:28
B0GKVZ18WC,蓝调KTV(马驹桥店),马驹桥新海南里100号楼3层,通州区,116.541715,39.752047,体育休闲服务;娱乐场所;KTV|商务住宅;楼宇;商务写字楼,,高德地图,2026-02-06 17:33:28
B000A83J8Q,北京音乐厅,北新华街1号,西城区,116.382469,39.906116,体育休闲服务;影剧院;音乐厅,,高德地图,2026-02-06 17:33:28
B000A81GMJ,中山公园音乐堂,中华路4号中山公园内(东侧),东城区,116.395636,39.910827,体育休闲服务;影剧院;音乐厅,,高德地图,2026-02-06 17:33:28
B0K33U6O6R,微博IN跨次元引力场,东四环北路辅路与四路居南路交叉口西北340米,朝阳区,116.486030,39.946772,体育休闲服务;体育休闲服务场所;体育休闲服务场所,,高德地图,2026-02-06 17:33:28
B0KUACCWJ2,Supermiami超级迈阿密酒吧(工体店),工人体育场工体西路6号1幢101内,朝阳区,116.444249,39.929653,体育休闲服务;娱乐场所;酒吧,,高德地图,2026-02-06 17:33:28
B0FFFZXILQ,北京工人体育场夜店一条街,"工人体育馆西门6号(三里屯,工人体育场和工人体育馆)",朝阳区,116.444384,39.929839,购物服务;特色商业街;特色商业街,,高德地图,2026-02-06 17:33:28
B0J2OCKX05,空瓶子LIVESHOW(北京官方旗舰店店),悠唐购物中心1期,朝阳区,116.439959,39.921965,体育休闲服务;娱乐场所;酒吧|购物服务;购物相关场所;购物相关场所,,高德地图,2026-02-06 17:33:28
B0I0ZZCG0C,MINIMARS亲子会所(久隆生活广场店),酒仙桥路39号久隆百货2层西侧,朝阳区,116.495375,39.961795,体育休闲服务;休闲场所;游乐场,,高德地图,2026-02-06 17:33:28
B000A88EEU,北京香港马会会所(金宝街店),金宝街68号(金宝汇购物中心附近),东城区,116.423870,39.914838,体育休闲服务;娱乐场所;娱乐场所,,高德地图,2026-02-06 17:33:28
B000A80OFN,国家大剧院音乐厅,西长安街国家大剧院歌剧院,西城区,116.389755,39.904728,体育休闲服务;影剧院;音乐厅,,高德地图,2026-02-06 17:33:28
B0LDRDCYEJ,巴洛克学院·吉他·钢琴·声乐,北京城区西直门外大街1号西环广场T2座12C9室,西城区,116.352348,39.941604,科教文化服务;培训机构;培训机构,,高德地图,2026-02-06 17:33:28
B0K6ZAR1K0,辰星剧社(前门店),三井胡同26号,西城区,116.390930,39.897508,体育休闲服务;影剧院;音乐厅,,高德地图,2026-02-06 17:33:28
B0FFKQTQDH,卡文迪音乐厅,天桥艺术中心B1-101(天桥地铁站D口出右侧进入艺术中心无需出地面),西城区,116.398123,39.882360,科教文化服务;科教文化场所;科教文化场所,,高德地图,2026-02-06 17:33:28
B0FFGEP2SA,北京金帆音乐厅,赵登禹路17号(新街口地铁站C东南口步行310米),西城区,116.370260,39.938750,体育休闲服务;影剧院;音乐厅,,高德地图,2026-02-06 17:33:28
B0KBKRD67P,FOX LIVE音乐西餐厅,广安门大街169号翔达国际商务酒店一层,西城区,116.368391,39.889906,餐饮服务;外国餐厅;西餐厅(综合风味),,高德地图,2026-02-06 17:33:28
B0FFIPHB9J,中央音乐学院歌剧音乐厅,鲍家街43号中央音乐学院内,西城区,116.361630,39.903912,体育休闲服务;影剧院;音乐厅,,高德地图,2026-02-06 17:33:28
B000A84APP,中央音乐学院,鲍家街43号,西城区,116.359501,39.902680,科教文化服务;学校;高等院校,,高德地图,2026-02-06 17:33:28
B000AA4KE5,中央音乐学院演奏厅,新文化街,西城区,116.357843,39.903053,科教文化服务;学校;高等院校,,高德地图,2026-02-06 17:33:28
B0L6PA9SYW,蛙厂RMMF·北京798,酒仙桥路4号798艺术区内,朝阳区,116.496127,39.986756,体育休闲服务;娱乐场所;娱乐场所,,高德地图,2026-02-06 17:33:28
B000A8UWDK,民族音乐厅,小营路15号,朝阳区,116.423563,39.992846,体育休闲服务;影剧院;音乐厅,,高德地图,2026-02-06 17:33:28
B0KKFSQKTV,花夏之音.音乐空间(三里屯SOHO商场5号楼店),工人体育场北路6号院,朝阳区,116.454313,39.931632,科教文化服务;科教文化场所;科教文化场所,,高德地图,2026-02-06 17:33:28
B000A84N3G,华彬歌剧院,建国门外大街永安东里8号,朝阳区,116.451781,39.906819,体育休闲服务;影剧院;剧场,,高德地图,2026-02-06 17:33:28
B000A8VYF0,中国音乐学院音乐厅,安翔路甲1号,朝阳区,116.379754,39.990968,体育休闲服务;影剧院;音乐厅,,高德地图,2026-02-06 17:33:28
B0JAFUJOXC,北京音乐产业园音乐厅,黑庄户路8号北京音乐产业园46栋,朝阳区,116.598339,39.854862,体育休闲服务;影剧院;音乐厅,,高德地图,2026-02-06 17:33:28
B0HG7BJGS2,璞玺艺术馆金色音乐厅,福润四季A区20-6,朝阳区,116.578361,39.957555,科教文化服务;科教文化场所;科教文化场所,,高德地图,2026-02-06 17:33:28
B0KUTCD3BV,河畔边边音乐会,小鲁店南街103号,朝阳区,116.590493,39.842218,体育休闲服务;娱乐场所;KTV,,高德地图,2026-02-06 17:33:28
B0L2VM7O7Z,速弹吧共享琴房(越界锦荟园店),北京城区越界锦荟园内,朝阳区,116.413514,39.981398,科教文化服务;培训机构;培训机构,,高德地图,2026-02-06 17:33:28
B0K0ZMYFKF,川乐汇音乐餐厅·酒水超市(欢乐谷店),北京城区化工路272号7-29A,朝阳区,116.514847,39.864816,餐饮服务;中餐厅;四川菜(川菜),,高德地图,2026-02-06 17:33:28
B0L14R30T9,V time音乐餐厅,北京城区慧忠北里105号楼BC段-1层,朝阳区,116.407404,40.007631,餐饮服务;中餐厅;中餐厅,,高德地图,2026-02-06 17:33:28
B0L6HD9GG5,院子里音乐餐厅,黑庄户影梦空间D02,朝阳区,116.588432,39.862633,餐饮服务;中餐厅;中餐厅,,高德地图,2026-02-06 17:33:28
B0L04BVTYY,乐亦剧场B厅,工人体育场北路8号三里屯SOHO商场2,朝阳区,116.454325,39.932625,体育休闲服务;影剧院;剧场,,高德地图,2026-02-06 17:33:28
B0L2RXNPS5,FUN·丝路秀音乐餐厅,日坛北路日坛上街39号B1,朝阳区,116.443288,39.917823,餐饮服务;中餐厅;中餐厅,,高德地图,2026-02-06 17:33:28
B0KKDD4HJB,MAKER S MIX CAFE(MMC),半截塔路53号,朝阳区,116.516314,39.969413,餐饮服务;咖啡厅;咖啡厅,,高德地图,2026-02-06 17:33:28
B0I29HKVKU,音非凡TEANA SPACE(万荷店),万荷艺术园区1号院5号楼,朝阳区,116.508894,40.040024,科教文化服务;科教文化场所;科教文化场所,,高德地图,2026-02-06 17:33:28
B0KDZSE3OU,飞哦音乐研习社(佳亿青年汇北厅店),佳忆青年汇三楼(青年路地铁站C东南口步行180米),朝阳区,116.517204,39.921679,科教文化服务;培训机构;培训机构,,高德地图,2026-02-06 17:33:28
B0LRH99A9H,草莓流行音乐培训(佳亿青年汇北厅店),青年路5号佳忆青年汇4层417室,朝阳区,116.517174,39.921860,科教文化服务;培训机构;培训机构,,高德地图,2026-02-06 17:33:28
B0JRSUJF2Z,中国爱乐乐团音乐厅(建设中),工人体育场东路与南三里屯中街交叉口西南140米,朝阳区,116.449284,39.930204,体育休闲服务;影剧院;剧场,,高德地图,2026-02-06 17:33:28
B0GKGS5REV,烤府花园音乐烧烤餐厅(日坛上街店)(装修中),日坛北路日坛上街39号10幢1至2层段27号,朝阳区,116.443846,39.918014,餐饮服务;中餐厅;中餐厅,,高德地图,2026-02-06 17:33:28
B0JDJ7O0E2,新古典音乐厅,花乡青旅科创园A7(纪家庙地铁站D西南口步行300米),丰台区,116.332606,39.841575,体育休闲服务;影剧院;剧场|体育休闲服务;娱乐场所;娱乐场所,,高德地图,2026-02-06 17:33:28
B0K2P68CUQ,星美音乐厅,新华国际中心C座B1-101,丰台区,116.303175,39.795075,体育休闲服务;娱乐场所;娱乐场所,,高德地图,2026-02-06 17:33:28
B0LGC7U8SW,徽渡音乐餐厅·徽菜花胶鸡火锅,角门北号甲5号,丰台区,116.376125,39.850475,餐饮服务;中餐厅;火锅店,,高德地图,2026-02-06 17:33:28
B0LGHZLSNE,合十·尼泊尔文化主题餐厅·音乐酒咖,西三环南路辅路与太平桥西路交叉口东北80米,丰台区,116.311578,39.882478,体育休闲服务;娱乐场所;酒吧,,高德地图,2026-02-06 17:33:28
B0L1GSAQXZ,悦拾音乐花园餐厅,时间花卉大观园西区西门3号,丰台区,116.347754,39.838303,餐饮服务;餐饮相关场所;餐饮相关,,高德地图,2026-02-06 17:33:28
B0L6OCFVP0,k·k音乐餐厅,马家堡东路71号立业大厦B1层,丰台区,116.386383,39.851989,餐饮服务;餐饮相关场所;餐饮相关,,高德地图,2026-02-06 17:33:28
B0LG19UD21,云上楼音乐餐厅,丰台路53号双盛楼饭店内,丰台区,116.279004,39.871820,餐饮服务;中餐厅;中餐厅,,高德地图,2026-02-06 17:33:28
B0LAK7N5C6,故事换酒音乐餐厅(暂停营业),蒲方路5号芳城园三区(方庄地铁站A西北口步行230米),丰台区,116.437280,39.866233,餐饮服务;中餐厅;中餐厅,,高德地图,2026-02-06 17:33:28
B0L6KLFQOM,唱吧麦颂KTV(石景山和美汇店),和美汇(石景山和美汇店),石景山区,116.126879,39.956861,体育休闲服务;娱乐场所;KTV,,高德地图,2026-02-06 17:33:28
B0FFI2I2QJ,唱吧麦颂KTV(北京石景山万商店),北京城区石景山路22号万商大厦,石景山区,116.219301,39.906750,体育休闲服务;娱乐场所;KTV,,高德地图,2026-02-06 17:33:28
B0J3UL15Z1,麦乐汇KTV(石景山万达广场店),石景山路乙18号万达广场(北京石景山店)1F层,石景山区,116.225559,39.905822,体育休闲服务;娱乐场所;KTV,,高德地图,2026-02-06 17:33:28
B0JUU5QU0G,十三K量贩式KTV(京西大悦城店),阜石路173号院1号楼京西大悦城7F层7F-03,石景山区,116.183515,39.925269,体育休闲服务;娱乐场所;KTV,,高德地图,2026-02-06 17:33:28
B0FFLOXB9T,唱吧麦颂KTV(景山财富中心店),古城西路113号景山财富中心F1层,石景山区,116.178284,39.915002,体育休闲服务;娱乐场所;KTV,,高德地图,2026-02-06 17:33:28
B0GKRAA63I,欢乐颂量贩式KTV(万商店),北京市石景山区万商运动中心南侧地下一层,石景山区,116.218464,39.904592,体育休闲服务;娱乐场所;KTV,,高德地图,2026-02-06 17:33:28
B0KKY59YTM,魅KTV·AI辅唱(金安环宇荟购物中心店),金安环宇荟购物中心B1层(3号门西侧),石景山区,116.162611,39.922623,体育休闲服务;娱乐场所;KTV,,高德地图,2026-02-06 17:33:28
B000A877T2,金唱纳量贩式KTV(石景山店),八角西街68号(太阳岛宾馆后侧),石景山区,116.199655,39.908650,体育休闲服务;娱乐场所;KTV,,高德地图,2026-02-06 17:33:28
B0FFJRUCJG,北京大公馆会所国际,鲁谷东街甲26号北京大公馆物业楼F1层,石景山区,116.239898,39.895459,体育休闲服务;娱乐场所;KTV,,高德地图,2026-02-06 17:33:28
B0L3M1OSLV,酷秀KTV·派对(喜隆多店),北京城区阜石路300号喜隆多购物中心五层501号,石景山区,116.172828,39.922894,体育休闲服务;娱乐场所;KTV,,高德地图,2026-02-06 17:33:28
B0FFFLOD76,雁翎KTV,双峪路17号,石景山区,116.127564,39.939866,体育休闲服务;娱乐场所;KTV,,高德地图,2026-02-06 17:33:28
B0FFH0IMAR,唱吧麦颂KTV(石景山台湾街店),北京城区鲁谷路台湾街c区B1层,石景山区,116.239469,39.904182,体育休闲服务;娱乐场所;KTV,,高德地图,2026-02-06 17:33:28
B0FFIBSC74,唱吧麦颂KTV(北京石景山当代商城店),北京城区阜石路165号院2号楼三层301,石景山区,116.195746,39.925281,体育休闲服务;娱乐场所;KTV,,高德地图,2026-02-06 17:33:28
B0JR3DF93L,玉鼎歌舞厅,金顶西街与铸造村小街交叉口东40米,石景山区,116.160527,39.928330,体育休闲服务;娱乐场所;迪厅,,高德地图,2026-02-06 17:33:28
B0FFHSLPJ4,国图艺术中心,中关村南大街33号国家图书馆北门,海淀区,116.324075,39.944325,体育休闲服务;体育休闲服务场所;体育休闲服务场所,,高德地图,2026-02-06 17:33:28
B0J29S3AC3,爱乐汇艺术空间(五棵松万达广场),复兴路69号五棵松万达广场6F层6F-7,海淀区,116.276268,39.912927,科教文化服务;培训机构;培训机构,,高德地图,2026-02-06 17:33:28
B0KD0UZQO2,北三环音乐厅,北三环中路67号中视云投大厦,海淀区,116.367594,39.969484,体育休闲服务;影剧院;音乐厅,,高德地图,2026-02-06 17:33:28
B000A8ZIGR,北京航空航天大学学院路校区晨兴音乐厅,学院路37号北京航空航天大学,海淀区,116.351542,39.981871,体育休闲服务;影剧院;音乐厅,,高德地图,2026-02-06 17:33:28
B0JGFSPJ53,军乐团音乐厅,长智路与紫竹院路辅路交叉口南140米,海淀区,116.302280,39.943468,体育休闲服务;影剧院;影剧院相关,,高德地图,2026-02-06 17:33:28
B000A8VTVU,清华大学蒙民伟音乐厅,双清路30号清华大学,海淀区,116.328587,40.00201,体育休闲服务;影剧院;音乐厅,,高德地图,2026-02-06 17:33:28
B0FFFE07SV,中国人民大学艺术学院音乐厅,中关村大街59号中国人民大学,海淀区,116.312838,39.970154,科教文化服务;学校;高等院校,,高德地图,2026-02-06 17:33:28
B000A84LOM,首都师范大学音乐厅,西三环北路105号(花园桥地铁站D1西南口步行260米),海淀区,116.306137,39.931889,体育休闲服务;影剧院;音乐厅,,高德地图,2026-02-06 17:33:28
B0LBL7OYPA,都市音乐厅(万达广场北京五棵松店),玉渊潭南路与西四环中路辅路交叉口东180米,海淀区,116.276535,39.912803,体育休闲服务;影剧院;剧场,,高德地图,2026-02-06 17:33:28
B000A8XRYL,中央民族大学音乐厅,中关村南大街27号中央民族大学内,海淀区,116.323044,39.949449,体育休闲服务;影剧院;音乐厅,,高德地图,2026-02-06 17:33:28
B0L26UEVWU,国图音乐厅培训中心(国图宾馆东南),中关村南大街33号(国家图书馆地铁站A西北口步行210米),海淀区,116.324046,39.944333,科教文化服务;培训机构;培训机构,,高德地图,2026-02-06 17:33:28
B0K3HH3P1I,悦TA音乐餐厅(牡丹园旗舰店),花园东路2号3号楼三层(牡丹园地铁站F口步行240米),海淀区,116.368539,39.978736,餐饮服务;餐饮相关场所;餐饮相关,,高德地图,2026-02-06 17:33:28
B0K0VNHD1O,蓝调酒吧音乐餐厅,安宁庄后街与安宁佳园东路交叉口东南200米,海淀区,116.329943,40.048846,体育休闲服务;娱乐场所;酒吧,,高德地图,2026-02-06 17:33:28
B000A8XBDT,友乐汇量贩式KTV(熙旺中心店),双峪路35号西贸国际A座B1层,门头沟区,116.113196,39.935295,体育休闲服务;娱乐场所;KTV,,高德地图,2026-02-06 17:33:28
B0FFLGAAU7,星聚会(北京长安天街店),新城大街与金安路交叉口(上岸地铁站出入口旁)北京长安天街F5层,门头沟区,116.123586,39.905055,体育休闲服务;娱乐场所;KTV,,高德地图,2026-02-06 17:33:28
B0K3M7S647,星聚会ktv(华远坊店),北京城区新桥大街31号院1号楼、2号楼、3号楼及6幢3层S-5号楼301,门头沟区,116.099166,39.943123,体育休闲服务;娱乐场所;KTV,,高德地图,2026-02-06 17:33:28
B0JR6CPSC1,纯咖KTV(冯村商业街店),永定镇冯村商业街建行左侧出入口三楼,门头沟区,116.111409,39.910630,体育休闲服务;体育休闲服务场所;体育休闲服务场所,,高德地图,2026-02-06 17:33:28
B0L3JRESFM,友唱AI智慧歌咏亭(小时代邻里中心店),北京城区门头沟路11号院1号楼小时代邻里中心,门头沟区,116.096725,39.944075,科教文化服务;培训机构;培训机构,,高德地图,2026-02-06 17:33:28
B0FFH00S1W,音乐时空KTV(水闸北路店),水闸北路21号(龙泉宾馆旁),门头沟区,116.105696,39.961462,体育休闲服务;娱乐场所;KTV,,高德地图,2026-02-06 17:33:28
B0KR4S1B4Q,乐翻天FUN肆玩竞技场(房山绿地缤纷城店),天星街1号院绿地缤纷城F4层,房山区,116.160733,39.756867,体育休闲服务;娱乐场所;KTV|餐饮服务;中餐厅;中餐厅,,高德地图,2026-02-06 17:33:28
B0L2JZ6DYY,星河量贩KTV,良锦路一号院一号楼二层202,房山区,116.134800,39.680831,体育休闲服务;娱乐场所;KTV,,高德地图,2026-02-06 17:33:28
B0FFG8S0FH,太月园量贩式KTV,城关街道富士苑小区前方300米,房山区,115.991267,39.711847,体育休闲服务;娱乐场所;KTV,,高德地图,2026-02-06 17:33:28
B000A88DVE,今夜辉煌KTV,国槐街(环境保护局南),房山区,116.131205,39.722846,体育休闲服务;娱乐场所;KTV,,高德地图,2026-02-06 17:33:28
B0LDF4TM1A,乐翻天(房山绿地缤纷城店),天星街1号院绿地缤纷城房山店F4层,房山区,116.160740,39.756874,体育休闲服务;娱乐场所;KTV,,高德地图,2026-02-06 17:33:28
B000A85RLW,金海阁娱乐汇,北京城区中国松林西路5号,房山区,116.158052,39.758120,体育休闲服务;娱乐场所;KTV,,高德地图,2026-02-06 17:33:28
B0FFJO8P96,库秀KTV,长阳路与长泽南街交汇处北京房山印象城F4层L4010,房山区,116.210128,39.752802,体育休闲服务;娱乐场所;KTV,,高德地图,2026-02-06 17:33:28
B0ID6BT2SD,宝乐迪KTV(北京房山熙悦天街店),熙悦天街B馆6层05-06,房山区,116.184978,39.734157,体育休闲服务;娱乐场所;KTV,,高德地图,2026-02-06 17:33:28
B000A8XLI2,凯旋门KTV(富水良嘉园南),良乡拱辰街道昊天大街188号,房山区,116.147496,39.727597,体育休闲服务;娱乐场所;KTV,,高德地图,2026-02-06 17:33:28
B0KU654E24,米莱迪量贩ktv(汇豪商城店),汇豪商城,房山区,116.069316,39.651298,体育休闲服务;娱乐场所;KTV,,高德地图,2026-02-06 17:33:28
B0FFJNDY41,东方纯量贩式KTV,城关南大街44号,房山区,115.984542,39.700262,体育休闲服务;娱乐场所;KTV,,高德地图,2026-02-06 17:33:28
B0FFFXDVUY,盛世辉煌KTV(房山店),良乡凯旋大街11号,房山区,116.134911,39.719076,体育休闲服务;娱乐场所;KTV,,高德地图,2026-02-06 17:33:28
B0FFF3DGH5,友樂匯(华冠欢乐城店),兴房大街38号华冠欢乐城F3层,房山区,115.987727,39.693051,体育休闲服务;娱乐场所;KTV,,高德地图,2026-02-06 17:33:28
B000A7XOKP,鑫堡康年KTV(良乡店),良乡西潞北大街81号,房山区,116.136427,39.737294,体育休闲服务;娱乐场所;KTV,,高德地图,2026-02-06 17:33:28
B0FFK7KRH9,阳光纯K PLAZA(爱悦城店),拱辰南大街1号,房山区,116.141599,39.729739,体育休闲服务;娱乐场所;KTV,,高德地图,2026-02-06 17:33:28
B0LRZK1JIK,金丽豪苑KTV,兴房大街与城关南路交叉口东南40米,房山区,115.987675,39.693425,体育休闲服务;娱乐场所;KTV,,高德地图,2026-02-06 17:33:28
B0FFJCA9BK,唱吧麦颂KTV(房山花冠天地店),西大街2号花冠天地五层,房山区,115.983507,39.702233,体育休闲服务;娱乐场所;KTV,,高德地图,2026-02-06 17:33:28
B000A85F6L,花好月圆KTV(西潞南大街)(暂停营业),良乡西潞南大街29号,房山区,116.136370,39.721718,体育休闲服务;娱乐场所;KTV,,高德地图,2026-02-06 17:33:28
B0HG0MXGJ7,竹园里音乐餐厅,伟业嘉园北里东北门北130米,房山区,116.159687,39.735884,餐饮服务;外国餐厅;外国餐厅,,高德地图,2026-02-06 17:33:28
B0L1PS4UGC,云璟音乐西餐厅,良乡长虹西路69号,房山区,116.131274,39.722832,餐饮服务;餐饮相关场所;餐饮相关,,高德地图,2026-02-06 17:33:28
B0KGHH322V,胡桃里音乐酒馆(北京房山熙悦天街店)(暂停营业),长于大街28号院熙悦天街A馆B1层下沉广场·熙悦荟,房山区,116.185063,39.732060,体育休闲服务;娱乐场所;酒吧,,高德地图,2026-02-06 17:33:28
B0FFL78YNU,国家大剧院-台湖剧场,铺外四路国家大剧院台湖舞美艺术中心,通州区,116.631075,39.838050,体育休闲服务;影剧院;剧场,,高德地图,2026-02-06 17:33:28
B0J1ZM8WPS,北京艺术中心-音乐厅,北京城市副中心剧院,通州区,116.719928,39.886434,体育休闲服务;影剧院;剧场,,高德地图,2026-02-06 17:33:28
B0L3ASRXUM,焰遇西北音乐餐厅,经海五路77号院凯工大厦,通州区,116.569175,39.783275,餐饮服务;中餐厅;中餐厅,,高德地图,2026-02-06 17:33:28
B0K0N5C7N5,方糖音乐餐厅,通州区经济开发区聚富苑产业园区聚和六街1号-6792,通州区,116.665630,39.876427,体育休闲服务;娱乐场所;KTV,,高德地图,2026-02-06 17:33:28
B0L1LCEWSJ,中国人民大学通州校区郭影秋音乐厅,运河东大街37号中国人民大学(通州校区),通州区,116.747009,39.904216,体育休闲服务;影剧院;音乐厅,,高德地图,2026-02-06 17:33:28
B0HAS1BDMR,生命之光钢琴展厅·钢琴销售·钢琴租赁·音乐厅租赁,经海三路博电能源互联网创新园大厦4楼,通州区,116.561185,39.773966,购物服务;专卖店;专营店|科教文化服务;培训机构;培训机构,,高德地图,2026-02-06 17:33:28
B0KK9SKYFG,星耀音乐火锅餐厅,梨园镇云景东路55号星耀音乐火锅餐厅,通州区,116.662187,39.874448,餐饮服务;中餐厅;火锅店,,高德地图,2026-02-06 17:33:28
B0L12CUAMT,港式音乐茶餐厅,永乐店镇北口永新大街23号,通州区,116.788000,39.714998,餐饮服务;快餐厅;快餐厅,,高德地图,2026-02-06 17:33:28
B0L3ASRRDA,提拉米苏音乐餐厅,新城南路与九棵树东路辅路交叉口东北60米,通州区,116.662325,39.889825,餐饮服务;中餐厅;中餐厅,,高德地图,2026-02-06 17:33:28
B0JK7CT5HV,云禾音乐厅(装修中),新华北路与滨惠北一街交叉口西200米,通州区,116.654563,39.912871,体育休闲服务;影剧院;剧场|体育休闲服务;娱乐场所;娱乐场所,,高德地图,2026-02-06 17:33:28
B0KR2RMYA6,唱吧麦颂KTV(鲁能美丽汇购物中心店),乾安路13号鲁能美丽汇购物中心F2层,顺义区,116.652259,40.179084,体育休闲服务;娱乐场所;KTV,,高德地图,2026-02-06 17:33:28
B0LRMKXVP7,麦尊KTV北小营分店,后礼务路与顺密路交叉口西北40米,顺义区,116.724576,40.195378,体育休闲服务;娱乐场所;KTV,,高德地图,2026-02-06 17:33:28
B0LD0ZGQ7S,食音汇量贩式KTV(首都机场店),通顺路27号,顺义区,116.660456,40.099574,体育休闲服务;娱乐场所;KTV,,高德地图,2026-02-06 17:33:28
B0LGTAZLE0,友乐会量贩KTV(财富广场店),306省道177号院,顺义区,116.698815,40.133453,体育休闲服务;体育休闲服务场所;体育休闲服务场所,,高德地图,2026-02-06 17:33:28
B0L6HMG2U7,唱歌量贩KTV(高丽营店),顺沙路高丽营四村村委会斜对面,顺义区,116.499899,40.169980,体育休闲服务;娱乐场所;KTV,,高德地图,2026-02-06 17:33:28
B0LDR5BF6Q,金久晟KTV,南彩镇顺平路南侧(宏利钢管厂),顺义区,116.688576,40.131954,体育休闲服务;娱乐场所;KTV,,高德地图,2026-02-06 17:33:28
B0FFIAQOJL,蓝山国际商务俱乐部(K歌),火沙路32号院,顺义区,116.544195,40.099378,体育休闲服务;娱乐场所;KTV,,高德地图,2026-02-06 17:33:28
B0L6GZY7FM,畅歌量贩KTV,顺沙路与高白路交叉口西120米,顺义区,116.500361,40.169944,体育休闲服务;娱乐场所;KTV,,高德地图,2026-02-06 17:33:28
B0K2TZQLJE,唱吧麦颂KTV(顺义上品店),燕京街32号上品城市奥莱顺义店F4层,顺义区,116.670037,40.103293,体育休闲服务;娱乐场所;KTV,,高德地图,2026-02-06 17:33:28
B0FFLE43DW,唱吧麦颂KTV(北京顺义牛栏店),牛栏山镇恒华西街2号院3号楼3层301室内A301-A303,顺义区,116.655177,40.202628,体育休闲服务;娱乐场所;KTV,,高德地图,2026-02-06 17:33:28
B0IAP5NZRC,唱吧麦颂KTV(顺义马坡中晟广场店),北京城区西马坡街3号院3号楼-1层B101、B102,顺义区,116.641826,40.165219,体育休闲服务;娱乐场所;KTV,,高德地图,2026-02-06 17:33:28
B0K1LRELTU,金麦洺量贩式KTV,,顺义区,116.638307,40.099572,体育休闲服务;娱乐场所;KTV,,高德地图,2026-02-06 17:33:28
B0IARS0PI6,麦乐汇聚会馆(祥云小镇店),后沙峪镇安泰大街7号艾迪城二楼,顺义区,116.540461,40.088145,体育休闲服务;娱乐场所;KTV|餐饮服务;餐饮相关场所;餐饮相关,,高德地图,2026-02-06 17:33:28
B0FFFD36VC,麦乐汇KTV(顺义石门店),石门街与顺西路交汇处(15号线石门站西南出口)聚乐汇4层,顺义区,116.640277,40.129280,体育休闲服务;娱乐场所;KTV,,高德地图,2026-02-06 17:33:28
B0FFGJOJ9M,唱吧麦颂KTV(北京顺义华联店),仁和镇新顺南大街8号院1幢四层,顺义区,116.651979,40.127645,体育休闲服务;娱乐场所;KTV,,高德地图,2026-02-06 17:33:28
B0HA6DA7BH,中影盛世华纳国际影城,顺白路融鹰大厦三层,顺义区,116.641691,40.115978,体育休闲服务;影剧院;电影院,,高德地图,2026-02-06 17:33:28
B0KU291S0U,Co-Win Coffee 共维音乐生活馆(朗姿女装购物广场店),裕华路24号朗姿购物广场三层北侧,顺义区,116.552875,40.098425,体育休闲服务;娱乐场所;酒吧|餐饮服务;咖啡厅;咖啡厅,,高德地图,2026-02-06 17:33:28
B0KAUZHN4M,北京市私立汇佳学校音乐厅,北京汇佳职业学院附近,昌平区,116.247763,40.194237,体育休闲服务;影剧院;音乐厅,,高德地图,2026-02-06 17:33:28
B0FFIR79FQ,中国石油大学(北京)音乐厅,南环东路15号中国石油大学,昌平区,116.253585,40.215135,科教文化服务;科教文化场所;科教文化场所,,高德地图,2026-02-06 17:33:28
B0L2YLWNG2,欢乐颂音乐火锅餐厅,永安路与南环路交叉口南220米,昌平区,116.234242,40.210630,餐饮服务;餐饮相关场所;餐饮相关,,高德地图,2026-02-06 17:33:28
B0L33RBU71,友唱AI智慧歌咏亭(嘉悦广场店),欣美街9号,大兴区,116.323954,39.787369,科教文化服务;培训机构;培训机构,,高德地图,2026-02-06 17:33:28
B0LUSD0SV0,京南别苑地摊烤肉铁锅炖音乐餐厅,北京城区魏善庄派出所对面,大兴区,116.416725,39.665225,餐饮服务;餐饮相关场所;餐饮相关,,高德地图,2026-02-06 17:33:28
B0LG7U1S6W,星π音乐餐厅(大兴店),春和路39号院3号楼4-102、103,大兴区,116.356567,39.772276,餐饮服务;中餐厅;中餐厅,,高德地图,2026-02-06 17:33:28
B0L06YN71N,海琳音乐餐厅,春和路39号院3号楼4-102-103,大兴区,116.356660,39.772329,餐饮服务;中餐厅;中餐厅,,高德地图,2026-02-06 17:33:28
B0FFGDE1JK,蓝色港湾,渤海镇渡水山庄,怀柔区,116.529169,40.391994,体育休闲服务;娱乐场所;KTV,,高德地图,2026-02-06 17:33:28
B000A8VR3C,钱慰量贩式KTV,开放路西金台园1号108,怀柔区,116.644388,40.326177,体育休闲服务;娱乐场所;KTV,,高德地图,2026-02-06 17:33:28
B0FFJD13Z5,唱吧麦颂KTV(怀柔商业街店),北京城区怀柔区商业街3号1幢315室,怀柔区,116.636265,40.314972,体育休闲服务;娱乐场所;KTV,,高德地图,2026-02-06 17:33:28
B0FFG2Y878,金都商务俱乐部(K歌)4008047028,开放路78号,怀柔区,116.645347,40.337783,体育休闲服务;娱乐场所;KTV,,高德地图,2026-02-06 17:33:28
B0FFFOZ9SW,亨通量贩ktv火锅,青春路甲2号(文化馆旁),怀柔区,116.631488,40.311117,体育休闲服务;娱乐场所;KTV,,高德地图,2026-02-06 17:33:28
B0FFF33SO9,影人娱乐量贩式KTV(怀耿路店),怀耿路122号3层,怀柔区,116.676248,40.291129,体育休闲服务;娱乐场所;KTV,,高德地图,2026-02-06 17:33:28
B0FFKWXBJG,玖号商务俱乐部,北京雅达包装彩印有限公司东南门西110米,怀柔区,116.582992,40.292037,体育休闲服务;娱乐场所;KTV|餐饮服务;中餐厅;综合酒楼,,高德地图,2026-02-06 17:33:28
B000A85STZ,亨通KTV,府前东街7号,怀柔区,116.645375,40.317225,体育休闲服务;娱乐场所;KTV|购物服务;便民商店/便利店;便民商店/便利店,,高德地图,2026-02-06 17:33:28
B0FFGK1HIU,高两河娱乐园,庙城镇庙高路高两河,怀柔区,116.656114,40.290337,体育休闲服务;娱乐场所;娱乐场所,,高德地图,2026-02-06 17:33:28
B0LGNKR4YP,84082然音乐餐厅,开放东路13号院2号楼2层,怀柔区,116.651103,40.323619,餐饮服务;中餐厅;中餐厅,,高德地图,2026-02-06 17:33:28
B0FFGJHDHM,唱吧麦颂KTV(北京平谷华联店),北京城区迎宾街1号院22号楼四层f4-01,平谷区,117.093631,40.146340,体育休闲服务;娱乐场所;KTV,,高德地图,2026-02-06 17:33:28
B0K1DOEA19,唱吧麦颂KTV(北京平谷国泰百货店),北京城区滨河街道文化北街13号6,平谷区,117.111047,40.140766,体育休闲服务;娱乐场所;KTV,,高德地图,2026-02-06 17:33:28
B0L66CLMAR,魅KTV(北京平谷万达广场店),谷丰东路31号院3层3F-2室,平谷区,117.121338,40.160036,体育休闲服务;娱乐场所;KTV,,高德地图,2026-02-06 17:33:28
B000A85X7R,万紫千红KTV(新平东路店),新平东路8-6号,平谷区,117.123746,40.143888,体育休闲服务;娱乐场所;KTV,,高德地图,2026-02-06 17:33:28
B0FFKTVW84,鑫座KTV量贩歌城,文化北街11号北京市平谷区经济和信息化委员会附近,平谷区,117.117826,40.154000,体育休闲服务;娱乐场所;KTV,,高德地图,2026-02-06 17:33:28
B0FFIY5XMA,北京蓝瑞柒星娱乐会所,北二环19-3号附近,平谷区,117.123534,40.150899,体育休闲服务;娱乐场所;KTV,,高德地图,2026-02-06 17:33:28
B0FFHCGGEC,缘梦兴云乐KTV,兴谷街道谷丰东路三号,平谷区,117.119026,40.157455,体育休闲服务;娱乐场所;KTV|购物服务;购物相关场所;购物相关场所,,高德地图,2026-02-06 17:33:28
B000A0DF06,渔阳康乐国际商娱汇(K歌),新平北路39号北京渔阳酒店,平谷区,117.118381,40.146199,体育休闲服务;娱乐场所;夜总会|体育休闲服务;娱乐场所;KTV,,高德地图,2026-02-06 17:33:28
B0FFITBY5Y,云端俱乐部,北京华联BHG Mall平谷店西2门西100米,平谷区,117.092567,40.146784,体育休闲服务;娱乐场所;娱乐场所,,高德地图,2026-02-06 17:33:28
B0FFJY5HDY,华东音乐城,东高村镇兴业路68号,平谷区,117.114924,40.103816,体育休闲服务;娱乐场所;KTV,,高德地图,2026-02-06 17:33:28
B0JDA79O1R,谷仓音乐厅Live House,张辛庄大街与夏鱼路交叉口西80米,平谷区,117.186354,40.168526,体育休闲服务;娱乐场所;酒吧,,高德地图,2026-02-06 17:33:28
B0H2MZ2KQT,拾肆号音乐串吧,兴谷路14-1,平谷区,117.132643,40.153343,餐饮服务;中餐厅;中餐厅,,高德地图,2026-02-06 17:33:28
B0JRL75QCL,唱吧麦颂KTV(北京密云西大桥店),新南路2号,密云区,116.833060,40.367303,体育休闲服务;娱乐场所;KTV,,高德地图,2026-02-06 17:33:28
B0FFHIAT2B,唱吧麦颂KTV(瑞嘉商场店),鼓楼南大街10号瑞嘉商场F4层,密云区,116.846100,40.374726,体育休闲服务;娱乐场所;KTV|购物服务;服装鞋帽皮具店;服装鞋帽皮具店,,高德地图,2026-02-06 17:33:28
B0FFFW5YBY,金地宝来音乐广场,工业开发区排山商贸楼8号,密云区,116.823196,40.366615,体育休闲服务;娱乐场所;KTV,,高德地图,2026-02-06 17:33:28
B000A6A9DF,世纪丰泰KTV,新南路39号,密云区,116.868411,40.376998,体育休闲服务;娱乐场所;KTV,,高德地图,2026-02-06 17:33:28
B000A7OV3C,东方神韵KTV(西大桥路店),北京密云经济开发区西大桥23号,密云区,116.818109,40.366041,体育休闲服务;娱乐场所;KTV|购物服务;购物相关场所;购物相关场所,,高德地图,2026-02-06 17:33:28
B000A7QJP1,天上月KTV(新南路店)(暂停营业),新南路75号,密云区,116.849453,40.370453,体育休闲服务;娱乐场所;KTV,,高德地图,2026-02-06 17:33:28
B0LANSWTCR,九潮LiveHouse音乐餐厅,长安商业街1-102号,密云区,116.842744,40.375769,购物服务;服装鞋帽皮具店;服装鞋帽皮具店,,高德地图,2026-02-06 17:33:28
B0L1K5TZVX,拾光音乐餐厅酒吧,北京城区双燕街3号院10号等22幢,密云区,116.817488,40.370796,餐饮服务;餐饮相关场所;餐饮相关,,高德地图,2026-02-06 17:33:28
B0LUDUAQXJ,唱吧麦颂KTV(延庆万达店),延庆镇庆园街59号1号,延庆区,115.984398,40.474631,体育休闲服务;娱乐场所;KTV,,高德地图,2026-02-06 17:33:28
B0FFHPQ2DO,星光之都(延庆区高塔街),香水园街道高塔街58-1号四、五层,延庆区,115.986201,40.465001,体育休闲服务;娱乐场所;KTV,,高德地图,2026-02-06 17:33:28
B0IBZ75JXS,延庆玉渡山古崖居六居半山小筑地下KTV(古崖居路1号分店),古崖居路半山小筑,延庆区,115.790552,40.451393,住宿服务;住宿服务相关;住宿服务相关,,高德地图,2026-02-06 17:33:28
B0KKXDEQZD,我在北京等你,八达岭长城岔道小院299号,延庆区,116.000328,40.363926,体育休闲服务;娱乐场所;酒吧,,高德地图,2026-02-06 17:33:28
B0FFHJZ96G,唱吧麦颂KTV(延庆环球新意店),妫水北街29号延庆大厦三层唱吧麦颂(口福居三楼),延庆区,115.977260,40.462031,体育休闲服务;娱乐场所;KTV,,高德地图,2026-02-06 17:33:28
B0LA7HUVSC,壹号式俱乐部(环球新意百货店),妫水北街39南门,延庆区,115.976157,40.460649,体育休闲服务;娱乐场所;KTV,,高德地图,2026-02-06 17:33:28
B0KRTHS9OU,北京京西里音乐餐厅,北关78号,延庆区,115.965190,40.465204,餐饮服务;中餐厅;中餐厅,,高德地图,2026-02-06 17:33:28
B0L2BUL8EN,零度之声音乐餐厅,妫川路与庆园街交叉口西南160米,延庆区,115.992575,40.472875,体育休闲服务;娱乐场所;酒吧|餐饮服务;中餐厅;中餐厅,,高德地图,2026-02-06 17:33:28
B0JB31BCX1,温莎花园,西三环北路辅路与北洼东街交叉口西南80米,海淀区,116.309441,39.935633,商务住宅;住宅区;住宅小区,,高德地图,2026-02-06 17:33:28
B0FFJFCLJ8,唱吧麦颂KTV(好运街店),北京城区麦子店街道朝阳公园路好运街,朝阳区,116.471712,39.949712,体育休闲服务;娱乐场所;KTV,,高德地图,2026-02-06 17:33:28
B0I3Y7K3G7,唱吧麦颂KTV(北京劲松大厦店),农光里117号劲松大厦三层,朝阳区,116.462152,39.884024,体育休闲服务;娱乐场所;KTV,,高德地图,2026-02-06 17:33:28
B0L6SMR4TL,唱吧麦颂KTV(北京新宫地铁站店),北京城区槐房西路新宫地铁站A口,丰台区,116.364951,39.814115,体育休闲服务;娱乐场所;KTV,,高德地图,2026-02-06 17:33:28
B0L3M1P7IR,京娱酷秀KTV(酒仙桥店)(暂停营业),北京城区酒仙桥路13号148号楼1层101室,朝阳区,116.489301,39.979266,体育休闲服务;娱乐场所;KTV,,高德地图,2026-02-06 17:33:28
B0HD45JB4L,京特糖果(北京旗舰店),北京城区新发地中央粮油批发市场西5门E厅1021,丰台区,116.336375,39.819775,购物服务;专卖店;专营店,,高德地图,2026-02-06 17:33:28
