uid,name,address,keyword,city,crawl_time
自动售货机(永利国际购物中心店),自动售货机(永利国际购物中心店),,自动售货机,北京,2026-02-04 20:56:34
自动售货机,自动售货机,,自动售货机,北京,2026-02-04 20:56:34
自动售货机(北京首都国际机场3号航站楼C区店),自动售货机(北京首都国际机场3号航站楼C区店),,自动售货机,北京,2026-02-04 20:56:34
北京双安商场-自动售货机,北京双安商场-自动售货机,,自动售货机,北京,2026-02-04 20:56:34
北京市海淀区北三环西路38号北京双安商场F6,北京市海淀区北三环西路38号北京双安商场F6,,自动售货机,北京,2026-02-04 20:56:34
自动售货机(北京首都国际机场二号航站楼2号停车楼店),自动售货机(北京首都国际机场二号航站楼2号停车楼店),,自动售货机,北京,2026-02-04 20:56:34
自动售货机(国泰百货店),自动售货机(国泰百货店),,自动售货机,北京,2026-02-04 20:56:34
自动售货机(北京首都国际机场三号航站楼D区店),自动售货机(北京首都国际机场三号航站楼D区店),,自动售货机,北京,2026-02-04 20:56:34
北京 所有超市 默认排序,北京 所有超市 默认排序,,便利店,北京,2026-02-04 20:56:52
北京优优乐购便利店,北京优优乐购便利店,,便利店,北京,2026-02-04 20:56:52
罗森便利店(北京广播大厦酒店店),罗森便利店(北京广播大厦酒店店),,便利店,北京,2026-02-04 20:56:52
北京鑫瀚鹏便利店,北京鑫瀚鹏便利店,,便利店,北京,2026-02-04 20:56:52
物美便利店(北京科技大学店),物美便利店(北京科技大学店),,便利店,北京,2026-02-04 20:56:52
北京清源家乐便利店,北京清源家乐便利店,,便利店,北京,2026-02-04 20:56:52
罗森便利店(北京怀柔雁栖人才社区店),罗森便利店(北京怀柔雁栖人才社区店),,便利店,北京,2026-02-04 20:56:52
望京街便利店,望京街便利店,,便利店,北京,2026-02-04 20:56:52
北京金润捷便利店(马家堡店),北京金润捷便利店(马家堡店),,便利店,北京,2026-02-04 20:56:52
物美便利店(北京西站一店),物美便利店(北京西站一店),,便利店,北京,2026-02-04 20:56:52
罗森便利店(北京环球贸易中心店),罗森便利店(北京环球贸易中心店),,便利店,北京,2026-02-04 20:56:52
北京自动售货机 北京,北京自动售货机 北京,,便利店,北京,2026-02-04 20:56:52
北京自动售货机,北京自动售货机,,便利店,北京,2026-02-04 20:56:52
无人售货机,无人售货机,,无人售货,北京,2026-02-04 20:57:10
北京便利店 北京,北京便利店 北京,,无人售货,北京,2026-02-04 20:57:10
北京便利店,北京便利店,,无人售货,北京,2026-02-04 20:57:10
物美超市(航天大学店),物美超市(航天大学店),,物美便利店,北京,2026-02-04 20:57:28
物美(京北大世界店),物美(京北大世界店),,物美便利店,北京,2026-02-04 20:57:28
物美便利店(菜园南街店),物美便利店(菜园南街店),,物美便利店,北京,2026-02-04 20:57:28
物美便利(政法大学店),物美便利(政法大学店),,物美便利店,北京,2026-02-04 20:57:28
物美(北七家店),物美(北七家店),,物美便利店,北京,2026-02-04 20:57:28
定泗路物美超市三楼,定泗路物美超市三楼,,物美便利店,北京,2026-02-04 20:57:28
物美(孙河店),物美(孙河店),,物美便利店,北京,2026-02-04 20:57:28
物美(昆仑路店),物美(昆仑路店),,物美便利店,北京,2026-02-04 20:57:28
物美便利超市(甘棠店),物美便利超市(甘棠店),,物美便利店,北京,2026-02-04 20:57:28
物美便利店(南北路店),物美便利店(南北路店),,物美便利店,北京,2026-02-04 20:57:28
物美多点(贵友大厦店),物美多点(贵友大厦店),,物美便利店,北京,2026-02-04 20:57:28
罗森便利店(二店),罗森便利店(二店),,罗森便利店,北京,2026-02-04 20:57:46
罗森便利店(北京怀柔科学城城市客厅店),罗森便利店(北京怀柔科学城城市客厅店),,罗森便利店,北京,2026-02-04 20:57:46
罗森便利店(北京首都国际机场店),罗森便利店(北京首都国际机场店),,罗森便利店,北京,2026-02-04 20:57:46
罗森便利店(祥云小镇店),罗森便利店(祥云小镇店),,罗森便利店,北京,2026-02-04 20:57:46
罗森便利店(小天竺路店),罗森便利店(小天竺路店),,罗森便利店,北京,2026-02-04 20:57:46
罗森便利店(北京地铁昌平站店),罗森便利店(北京地铁昌平站店),,罗森便利店,北京,2026-02-04 20:57:46
罗森便利店(北京金融科技学院店),罗森便利店(北京金融科技学院店),,罗森便利店,北京,2026-02-04 20:57:46
罗森便利店(天通尾货店),罗森便利店(天通尾货店),,罗森便利店,北京,2026-02-04 20:57:46
北京物美便利店 北京,北京物美便利店 北京,,罗森便利店,北京,2026-02-04 20:57:46
北京物美便利店,北京物美便利店,,罗森便利店,北京,2026-02-04 20:57:46
全家便利店(东安路店),全家便利店(东安路店),,全家便利店,北京,2026-02-04 20:58:04
全家FamilyMart(北京首都国际机场T2航站楼店),全家FamilyMart(北京首都国际机场T2航站楼店),,全家便利店,北京,2026-02-04 20:58:04
全家便利店(首都机场二店),全家便利店(首都机场二店),,全家便利店,北京,2026-02-04 20:58:04
全家便利店(首都机场十二店),全家便利店(首都机场十二店),,全家便利店,北京,2026-02-04 20:58:04
全家便利店(未来科学城北一店),全家便利店(未来科学城北一店),,全家便利店,北京,2026-02-04 20:58:04
全家便利店(首都机场T3停车楼一店),全家便利店(首都机场T3停车楼一店),,全家便利店,北京,2026-02-04 20:58:04
全家便利店(环普国际科创园店),全家便利店(环普国际科创园店),,全家便利店,北京,2026-02-04 20:58:04
全家便利店(天通苑店),全家便利店(天通苑店),,全家便利店,北京,2026-02-04 20:58:04
全家便利店(朝运街店),全家便利店(朝运街店),,全家便利店,北京,2026-02-04 20:58:04
全家便利店(东升科技园二店),全家便利店(东升科技园二店),,全家便利店,北京,2026-02-04 20:58:04
北京罗森便利店 北京,北京罗森便利店 北京,,全家便利店,北京,2026-02-04 20:58:04
北京罗森便利店,北京罗森便利店,,全家便利店,北京,2026-02-04 20:58:04
7-11便利店(倚林佳园店),7-11便利店(倚林佳园店),,7-11,北京,2026-02-04 20:58:22
7-11便利店(林萃东路店),7-11便利店(林萃东路店),,7-11,北京,2026-02-04 20:58:22
7-11便利店(大屯路店),7-11便利店(大屯路店),,7-11,北京,2026-02-04 20:58:22
7-11便利店(知春嘉园店),7-11便利店(知春嘉园店),,7-11,北京,2026-02-04 20:58:22
7-11便利店(知春路店),7-11便利店(知春路店),,7-11,北京,2026-02-04 20:58:22
7-11便利店(花园东路店),7-11便利店(花园东路店),,7-11,北京,2026-02-04 20:58:22
7-11便利店(西土城路店),7-11便利店(西土城路店),,7-11,北京,2026-02-04 20:58:22
7-11便利店(长远天地店),7-11便利店(长远天地店),,7-11,北京,2026-02-04 20:58:22
7-11便利店(慧忠北路店),7-11便利店(慧忠北路店),,7-11,北京,2026-02-04 20:58:22
北京全家便利店 北京,北京全家便利店 北京,,7-11,北京,2026-02-04 20:58:22
北京全家便利店,北京全家便利店,,7-11,北京,2026-02-04 20:58:22
北京7-11 北京,北京7-11 北京,,便利蜂,北京,2026-02-04 20:58:40
北京7-11,北京7-11,,便利蜂,北京,2026-02-04 20:58:40
京ICP备2023020281号-12,京ICP备2023020281号-12,,,,
京公网安备 11010502056787号,京公网安备 11010502056787号,,,,
协议与声明,协议与声明,,,,
商户免费标注,商户免费标注,,,,
网上有害信息举报,网上有害信息举报,,,,
涉未成年人举报,涉未成年人举报,,,,
算法推荐举报,算法推荐举报,,,,
生活服务专项举报,生活服务专项举报,,,,
刷新二维码,刷新二维码,,,,
《高德服务条款》,《高德服务条款》,,,,
《高德隐私权政策》,《高德隐私权政策》,,,,
《高德账号服务个人信息处理规则》,《高德账号服务个人信息处理规则》,,,,
子账号密码遗失怎么办 ?,子账号密码遗失怎么办 ?,,,,
1. 山姆会员商店(北京顺义店),1. 山姆会员商店(北京顺义店),,,,
2. 山姆会员商店(北京石景山店),2. 山姆会员商店(北京石景山店),,,,
3. 山姆会员商店(北京亦庄店),3. 山姆会员商店(北京亦庄店),,,,
4. 山姆会员商店(北京大兴店),4. 山姆会员商店(北京大兴店),,,,
5. 国泰生活广场(机场店),5. 国泰生活广场(机场店),,,,
6. 山姆会员商店(北京昌平店),6. 山姆会员商店(北京昌平店),,,,
7. 朝悦百惠购物中心,7. 朝悦百惠购物中心,,,,
8. 北京华联BHG Mall(同成街店),8. 北京华联BHG Mall(同成街店),,,,
9. 牛街清真食品超市,9. 牛街清真食品超市,,,,
10. 沃尔玛(富卓商厦店),10. 沃尔玛(富卓商厦店),,,,
11. 永辉超市(百子湾路店),11. 永辉超市(百子湾路店),,,,
12. 顺商集团鑫海韵通大卖场(石园店),12. 顺商集团鑫海韵通大卖场(石园店),,,,
13. 北京华联购物中心(北京平谷店),13. 北京华联购物中心(北京平谷店),,,,
14. 永辉超市(鲁谷店),14. 永辉超市(鲁谷店),,,,
15. 北京花卉交易中心,15. 北京花卉交易中心,,,,
16. 北京华联超市(BHGMall顺义金街店店),16. 北京华联超市(BHGMall顺义金街店店),,,,
17. 麦德龙会员店(上品折扣店),17. 麦德龙会员店(上品折扣店),,,,
18. 大润发(科兴店),18. 大润发(科兴店),,,,
19. 永辉超市(旧宫宣颐家园店),19. 永辉超市(旧宫宣颐家园店),,,,
20. 京客隆超市(望京店),20. 京客隆超市(望京店),,,,
