uid,name,address,keyword,city,lat,lng,crawl_time
"12; transform-origin: 10px 33px; user-select: none;"" title=""自动售货机(永利国际购物中心店|","12; transform-origin: 10px 33px; user-select: none;"" title=""自动售货机(永利国际购物中心店",,自动售货机,北京,,,2026-02-04 20:53:47
"80; transform-origin: 10px 33px; user-select: none;"" title=""自动售货机(北京首都国际机场三号航站楼D区店|","80; transform-origin: 10px 33px; user-select: none;"" title=""自动售货机(北京首都国际机场三号航站楼D区店",,自动售货机,北京,,,2026-02-04 20:53:47
"n-blue"" data-index=""1"" data-stat-code=""poisearch.all.title"">自动售货机(永利国际购物中心店|","n-blue"" data-index=""1"" data-stat-code=""poisearch.all.title"">自动售货机(永利国际购物中心店",,自动售货机,北京,,,2026-02-04 20:53:47
"n-blue"" data-index=""3"" data-stat-code=""poisearch.all.title"">自动售货机(北京首都国际机场3号航站楼C区店|","n-blue"" data-index=""3"" data-stat-code=""poisearch.all.title"">自动售货机(北京首都国际机场3号航站楼C区店",,自动售货机,北京,,,2026-02-04 20:53:47
"n-blue"" data-index=""6"" data-stat-code=""poisearch.all.title"">自动售货机(北京首都国际机场二号航站楼2号停车楼店|","n-blue"" data-index=""6"" data-stat-code=""poisearch.all.title"">自动售货机(北京首都国际机场二号航站楼2号停车楼店",,自动售货机,北京,,,2026-02-04 20:53:47
"n-blue"" data-index=""9"" data-stat-code=""poisearch.all.title"">自动售货机(国泰百货店|","n-blue"" data-index=""9"" data-stat-code=""poisearch.all.title"">自动售货机(国泰百货店",,自动售货机,北京,,,2026-02-04 20:53:47
"-blue"" data-index=""10"" data-stat-code=""poisearch.all.title"">自动售货机(北京首都国际机场三号航站楼D区店|","-blue"" data-index=""10"" data-stat-code=""poisearch.all.title"">自动售货机(北京首都国际机场三号航站楼D区店",,自动售货机,北京,,,2026-02-04 20:53:47
北京双安商场-自动售货机|,北京双安商场-自动售货机,,自动售货机,北京,,,2026-02-04 20:53:47
北京市海淀区北三环西路38号北京双安商场F6|,北京市海淀区北三环西路38号北京双安商场F6,,自动售货机,北京,,,2026-02-04 20:53:47
"transform-origin: 10px 33px; user-select: none;"" title=""丰e足食自动售货机(北京邑仕庄园店|","transform-origin: 10px 33px; user-select: none;"" title=""丰e足食自动售货机(北京邑仕庄园店",,自助售货,北京,,,2026-02-04 20:54:24
"transform-origin: 10px 33px; user-select: none;"" title=""丰e足食自动售货机(顺恒大街店|","transform-origin: 10px 33px; user-select: none;"" title=""丰e足食自动售货机(顺恒大街店",,自助售货,北京,,,2026-02-04 20:54:24
"transform-origin: 10px 33px; user-select: none;"" title=""丰e足食自动售货机(自如寓店|","transform-origin: 10px 33px; user-select: none;"" title=""丰e足食自动售货机(自如寓店",,自助售货,北京,,,2026-02-04 20:54:24
"transform-origin: 10px 33px; user-select: none;"" title=""丰e足食自动售货机(双燕街店|","transform-origin: 10px 33px; user-select: none;"" title=""丰e足食自动售货机(双燕街店",,自助售货,北京,,,2026-02-04 20:54:24
"ue"" data-index=""2"" data-stat-code=""poisearch.all.title"">丰e足食自动售货机(北京邑仕庄园店|","ue"" data-index=""2"" data-stat-code=""poisearch.all.title"">丰e足食自动售货机(北京邑仕庄园店",,自助售货,北京,,,2026-02-04 20:54:24
"ue"" data-index=""3"" data-stat-code=""poisearch.all.title"">丰e足食自动售货机(顺恒大街店|","ue"" data-index=""3"" data-stat-code=""poisearch.all.title"">丰e足食自动售货机(顺恒大街店",,自助售货,北京,,,2026-02-04 20:54:24
"ue"" data-index=""4"" data-stat-code=""poisearch.all.title"">丰e足食自动售货机(自如寓店|","ue"" data-index=""4"" data-stat-code=""poisearch.all.title"">丰e足食自动售货机(自如寓店",,自助售货,北京,,,2026-02-04 20:54:24
"ue"" data-index=""5"" data-stat-code=""poisearch.all.title"">丰e足食自动售货机(双燕街店|","ue"" data-index=""5"" data-stat-code=""poisearch.all.title"">丰e足食自动售货机(双燕街店",,自助售货,北京,,,2026-02-04 20:54:24
"; transform-origin: 10px 33px; user-select: none;"" title=""物美便利店(北京西站一店|","; transform-origin: 10px 33px; user-select: none;"" title=""物美便利店(北京西站一店",,便利店,北京,,,2026-02-04 20:54:42
"; transform-origin: 10px 33px; user-select: none;"" title=""罗森便利店(北京环球贸易中心店|","; transform-origin: 10px 33px; user-select: none;"" title=""罗森便利店(北京环球贸易中心店",,便利店,北京,,,2026-02-04 20:54:42
"blue"" data-index=""2"" data-stat-code=""poisearch.all.title"">罗森便利店(北京广播大厦酒店店|","blue"" data-index=""2"" data-stat-code=""poisearch.all.title"">罗森便利店(北京广播大厦酒店店",,便利店,北京,,,2026-02-04 20:54:42
"blue"" data-index=""4"" data-stat-code=""poisearch.all.title"">物美便利店(北京科技大学店|","blue"" data-index=""4"" data-stat-code=""poisearch.all.title"">物美便利店(北京科技大学店",,便利店,北京,,,2026-02-04 20:54:42
"blue"" data-index=""6"" data-stat-code=""poisearch.all.title"">罗森便利店(北京怀柔雁栖人才社区店|","blue"" data-index=""6"" data-stat-code=""poisearch.all.title"">罗森便利店(北京怀柔雁栖人才社区店",,便利店,北京,,,2026-02-04 20:54:42
"e"" data-index=""8"" data-stat-code=""poisearch.all.title"">北京金润捷便利店(马家堡店|","e"" data-index=""8"" data-stat-code=""poisearch.all.title"">北京金润捷便利店(马家堡店",,便利店,北京,,,2026-02-04 20:54:42
"blue"" data-index=""9"" data-stat-code=""poisearch.all.title"">物美便利店(北京西站一店|","blue"" data-index=""9"" data-stat-code=""poisearch.all.title"">物美便利店(北京西站一店",,便利店,北京,,,2026-02-04 20:54:42
"lue"" data-index=""10"" data-stat-code=""poisearch.all.title"">罗森便利店(北京环球贸易中心店|","lue"" data-index=""10"" data-stat-code=""poisearch.all.title"">罗森便利店(北京环球贸易中心店",,便利店,北京,,,2026-02-04 20:54:42
"orm-origin: 10px 33px; user-select: none;"" title=""罗森便利店(北京广播大厦酒店店|","orm-origin: 10px 33px; user-select: none;"" title=""罗森便利店(北京广播大厦酒店店",,便利店,北京,,,2026-02-04 20:54:42
"orm-origin: 10px 33px; user-select: none;"" title=""罗森便利店(北京怀柔雁栖人才社区店|","orm-origin: 10px 33px; user-select: none;"" title=""罗森便利店(北京怀柔雁栖人才社区店",,便利店,北京,,,2026-02-04 20:54:42
"orm-origin: 10px 33px; user-select: none;"" title=""罗森便利店(北京环球贸易中心店|","orm-origin: 10px 33px; user-select: none;"" title=""罗森便利店(北京环球贸易中心店",,便利店,北京,,,2026-02-04 20:54:42
"ta-index=""2"" data-stat-code=""poisearch.all.title"">罗森便利店(北京广播大厦酒店店|","ta-index=""2"" data-stat-code=""poisearch.all.title"">罗森便利店(北京广播大厦酒店店",,便利店,北京,,,2026-02-04 20:54:42
"ta-index=""6"" data-stat-code=""poisearch.all.title"">罗森便利店(北京怀柔雁栖人才社区店|","ta-index=""6"" data-stat-code=""poisearch.all.title"">罗森便利店(北京怀柔雁栖人才社区店",,便利店,北京,,,2026-02-04 20:54:42
"a-index=""10"" data-stat-code=""poisearch.all.title"">罗森便利店(北京环球贸易中心店|","a-index=""10"" data-stat-code=""poisearch.all.title"">罗森便利店(北京环球贸易中心店",,便利店,北京,,,2026-02-04 20:54:42
北京优优乐购便利店|,北京优优乐购便利店,,便利店,北京,,,2026-02-04 20:54:42
罗森便利店(北京广播大厦酒店店)|,罗森便利店(北京广播大厦酒店店),,便利店,北京,,,2026-02-04 20:54:42
北京鑫瀚鹏便利店|,北京鑫瀚鹏便利店,,便利店,北京,,,2026-02-04 20:54:42
物美便利店(北京科技大学店)|,物美便利店(北京科技大学店),,便利店,北京,,,2026-02-04 20:54:42
北京清源家乐便利店|,北京清源家乐便利店,,便利店,北京,,,2026-02-04 20:54:42
罗森便利店(北京怀柔雁栖人才社区店)|,罗森便利店(北京怀柔雁栖人才社区店),,便利店,北京,,,2026-02-04 20:54:42
望京街便利店|,望京街便利店,,便利店,北京,,,2026-02-04 20:54:42
北京金润捷便利店(马家堡店)|,北京金润捷便利店(马家堡店),,便利店,北京,,,2026-02-04 20:54:42
物美便利店(北京西站一店)|,物美便利店(北京西站一店),,便利店,北京,,,2026-02-04 20:54:42
罗森便利店(北京环球贸易中心店)|,罗森便利店(北京环球贸易中心店),,便利店,北京,,,2026-02-04 20:54:42
"nsform-origin: 10px 33px; user-select: none;"" title=""便利蜂24小时便利店(广渠路店|","nsform-origin: 10px 33px; user-select: none;"" title=""便利蜂24小时便利店(广渠路店",,24小时便利店,北京,,,2026-02-04 20:55:01
"transform-origin: 10px 33px; user-select: none;"" title=""24小时便利店(合创产业中心店|","transform-origin: 10px 33px; user-select: none;"" title=""24小时便利店(合创产业中心店",,24小时便利店,北京,,,2026-02-04 20:55:01
"sform-origin: 10px 33px; user-select: none;"" title=""天天便捷24小时便利店(胜古店|","sform-origin: 10px 33px; user-select: none;"" title=""天天便捷24小时便利店(胜古店",,24小时便利店,北京,,,2026-02-04 20:55:01
"nsform-origin: 10px 33px; user-select: none;"" title=""大视野24小时便利店(三里河路店|","nsform-origin: 10px 33px; user-select: none;"" title=""大视野24小时便利店(三里河路店",,24小时便利店,北京,,,2026-02-04 20:55:01
"transform-origin: 10px 33px; user-select: none;"" title=""24小时便利店(麦子店西街店|","transform-origin: 10px 33px; user-select: none;"" title=""24小时便利店(麦子店西街店",,24小时便利店,北京,,,2026-02-04 20:55:01
"=""BMap_Marker BMap_noprint"" unselectable=""on"" title=""便利蜂24小时便利店(莱锦文化创意产业园店|","=""BMap_Marker BMap_noprint"" unselectable=""on"" title=""便利蜂24小时便利店(莱锦文化创意产业园店",,24小时便利店,北京,,,2026-02-04 20:55:01
"=""BMap_Marker BMap_noprint"" unselectable=""on"" title=""便利蜂24小时便利店(月季园小区店|","=""BMap_Marker BMap_noprint"" unselectable=""on"" title=""便利蜂24小时便利店(月季园小区店",,24小时便利店,北京,,,2026-02-04 20:55:01
"=""BMap_Marker BMap_noprint"" unselectable=""on"" title=""便利蜂24小时便利店(苏州街公寓店|","=""BMap_Marker BMap_noprint"" unselectable=""on"" title=""便利蜂24小时便利店(苏州街公寓店",,24小时便利店,北京,,,2026-02-04 20:55:01
"=""BMap_Marker BMap_noprint"" unselectable=""on"" title=""便利蜂24小时便利店(尚都国际中心店|","=""BMap_Marker BMap_noprint"" unselectable=""on"" title=""便利蜂24小时便利店(尚都国际中心店",,24小时便利店,北京,,,2026-02-04 20:55:01
"=""BMap_Marker BMap_noprint"" unselectable=""on"" title=""便利蜂24小时便利店(锐诚国际店|","=""BMap_Marker BMap_noprint"" unselectable=""on"" title=""便利蜂24小时便利店(锐诚国际店",,24小时便利店,北京,,,2026-02-04 20:55:01
"=""BMap_Marker BMap_noprint"" unselectable=""on"" title=""便利蜂24小时便利店(樱花园三区店|","=""BMap_Marker BMap_noprint"" unselectable=""on"" title=""便利蜂24小时便利店(樱花园三区店",,24小时便利店,北京,,,2026-02-04 20:55:01
"s=""BMap_Marker BMap_noprint"" unselectable=""on"" title=""罗森24小时便利店(庄胜店|","s=""BMap_Marker BMap_noprint"" unselectable=""on"" title=""罗森24小时便利店(庄胜店",,24小时便利店,北京,,,2026-02-04 20:55:01
"=""BMap_Marker BMap_noprint"" unselectable=""on"" title=""便利蜂24小时便利店(雍和大厦店|","=""BMap_Marker BMap_noprint"" unselectable=""on"" title=""便利蜂24小时便利店(雍和大厦店",,24小时便利店,北京,,,2026-02-04 20:55:01
"=""BMap_Marker BMap_noprint"" unselectable=""on"" title=""便利蜂24小时便利店(弘源新时代店|","=""BMap_Marker BMap_noprint"" unselectable=""on"" title=""便利蜂24小时便利店(弘源新时代店",,24小时便利店,北京,,,2026-02-04 20:55:01
"s=""BMap_Marker BMap_noprint"" unselectable=""on"" title=""便利蜂24H便利店(东方文化大厦店|","s=""BMap_Marker BMap_noprint"" unselectable=""on"" title=""便利蜂24H便利店(东方文化大厦店",,24小时便利店,北京,,,2026-02-04 20:55:01
"=""BMap_Marker BMap_noprint"" unselectable=""on"" title=""便利蜂24小时便利店(亦庄金茂府店|","=""BMap_Marker BMap_noprint"" unselectable=""on"" title=""便利蜂24小时便利店(亦庄金茂府店",,24小时便利店,北京,,,2026-02-04 20:55:01
"Map_Marker BMap_noprint"" unselectable=""on"" title=""便利之星24小时连锁便利店(光华西里社区店|","Map_Marker BMap_noprint"" unselectable=""on"" title=""便利之星24小时连锁便利店(光华西里社区店",,24小时便利店,北京,,,2026-02-04 20:55:01
"=""BMap_Marker BMap_noprint"" unselectable=""on"" title=""果宜客24小时便利店(王府井店|","=""BMap_Marker BMap_noprint"" unselectable=""on"" title=""果宜客24小时便利店(王府井店",,24小时便利店,北京,,,2026-02-04 20:55:01
"=""BMap_Marker BMap_noprint"" unselectable=""on"" title=""便利蜂24小时便利店(瑞平家园店|","=""BMap_Marker BMap_noprint"" unselectable=""on"" title=""便利蜂24小时便利店(瑞平家园店",,24小时便利店,北京,,,2026-02-04 20:55:01
"data-index=""1"" data-stat-code=""poisearch.all.title"">便利蜂24小时便利店(广渠路店|","data-index=""1"" data-stat-code=""poisearch.all.title"">便利蜂24小时便利店(广渠路店",,24小时便利店,北京,,,2026-02-04 20:55:01
"ue"" data-index=""2"" data-stat-code=""poisearch.all.title"">24小时便利店(合创产业中心店|","ue"" data-index=""2"" data-stat-code=""poisearch.all.title"">24小时便利店(合创产业中心店",,24小时便利店,北京,,,2026-02-04 20:55:01
"data-index=""3"" data-stat-code=""poisearch.all.title"">天天便捷24小时便利店(胜古店|","data-index=""3"" data-stat-code=""poisearch.all.title"">天天便捷24小时便利店(胜古店",,24小时便利店,北京,,,2026-02-04 20:55:01
"data-index=""5"" data-stat-code=""poisearch.all.title"">大视野24小时便利店(三里河路店|","data-index=""5"" data-stat-code=""poisearch.all.title"">大视野24小时便利店(三里河路店",,24小时便利店,北京,,,2026-02-04 20:55:01
"ue"" data-index=""6"" data-stat-code=""poisearch.all.title"">24小时便利店(麦子店西街店|","ue"" data-index=""6"" data-stat-code=""poisearch.all.title"">24小时便利店(麦子店西街店",,24小时便利店,北京,,,2026-02-04 20:55:01
"ansform-origin: 10px 33px; user-select: none;"" title=""24小时便利超市(奥北中心店|","ansform-origin: 10px 33px; user-select: none;"" title=""24小时便利超市(奥北中心店",,24小时便利店,北京,,,2026-02-04 20:55:01
"Map_Marker BMap_noprint"" unselectable=""on"" title=""物美价廉24小时便利超市(石龙南路店|","Map_Marker BMap_noprint"" unselectable=""on"" title=""物美价廉24小时便利超市(石龙南路店",,24小时便利店,北京,,,2026-02-04 20:55:01
""" data-index=""8"" data-stat-code=""poisearch.all.title"">24小时便利超市(奥北中心店|",""" data-index=""8"" data-stat-code=""poisearch.all.title"">24小时便利超市(奥北中心店",,24小时便利店,北京,,,2026-02-04 20:55:01
"Map_Marker BMap_noprint"" unselectable=""on"" title=""罗森24小时便利店(庄胜店|","Map_Marker BMap_noprint"" unselectable=""on"" title=""罗森24小时便利店(庄胜店",,24小时便利店,北京,,,2026-02-04 20:55:01
便利蜂24小时便利店(广渠路店)|,便利蜂24小时便利店(广渠路店),,24小时便利店,北京,,,2026-02-04 20:55:01
24小时便利店(合创产业中心店)|,24小时便利店(合创产业中心店),,24小时便利店,北京,,,2026-02-04 20:55:01
天天便捷24小时便利店(胜古店)|,天天便捷24小时便利店(胜古店),,24小时便利店,北京,,,2026-02-04 20:55:01
24小时生活便利超市|,24小时生活便利超市,,24小时便利店,北京,,,2026-02-04 20:55:01
大视野24小时便利店(三里河路店)|,大视野24小时便利店(三里河路店),,24小时便利店,北京,,,2026-02-04 20:55:01
24小时便利店(麦子店西街店)|,24小时便利店(麦子店西街店),,24小时便利店,北京,,,2026-02-04 20:55:01
